Year,Month,Day,Field,Height_In,Cycle,GrUnpara,GrPara,RedUnpara,RedPara,SweepCount,SweepsPeaAphids
2011,10,12,219,6.50,5,39,34,17,3,180,209
2011,9,1,219,17.83,4,74,1,26,0,180,430
2011,9,8,219,18.50,4,53,2,17,0,180,1005
2011,9,14,219,20.33,4,81,10,19,1,180,340
2011,9,20,219,16.50,4,89,11,21,3,180,880
2011,8,8,219,6.67,4,NA,NA,NA,NA,300,2
2011,8,11,219,8.67,4,NA,NA,NA,NA,180,10
2011,8,15,219,11.00,4,NA,NA,NA,NA,180,34
2011,8,18,219,11.33,4,NA,NA,NA,NA,180,65
2011,8,24,219,14.00,4,NA,NA,NA,NA,180,103
2011,8,26,219,16.17,4,NA,NA,NA,NA,180,181
2011,8,29,219,14.50,4,76,3,20,1,180,340
2011,7,5,219,4.17,3,NA,NA,NA,NA,180,50
2011,7,8,219,4.50,3,73,0,26,0,180,140
2011,7,12,219,9.67,3,90,5,20,1,180,387
2011,7,14,219,10.17,3,90,5,20,1,180,583
2011,7,19,219,16.50,3,94,5,38,3,180,865
2011,7,21,219,NA,3,94,5,38,3,180,324
2011,7,25,219,22.67,3,74,7,13,1,180,325
2011,6,1,219,23.83,1,NA,NA,NA,NA,300,14
2011,6,13,219,8.33,2,NA,NA,NA,NA,180,97
2011,6,17,219,9.00,2,47,3,11,0,180,247
2011,6,21,219,13.50,2,79,4,18,7,180,410
2011,6,24,219,16.17,2,78,6,23,6,180,308
2011,6,27,219,17.83,2,47,13,23,7,180,360
2011,5,17,219,15.33,1,NA,NA,NA,NA,180,0
2011,5,24,219,16.67,1,NA,NA,NA,NA,180,21
2011,5,27,219,23.67,1,NA,NA,NA,NA,180,27
2011,10,12,291,2.50,5,6,10,1,1,180,90
2011,9,1,291,15.67,4,NA,NA,NA,NA,180,136
2011,9,8,291,14.33,4,74,4,9,0,180,189
2011,9,14,291,23.83,4,27,4,3,1,180,117
2011,9,20,291,12.33,4,90,5,15,1,180,565
2011,8,8,291,6.00,4,NA,NA,NA,NA,300,3
2011,8,11,291,7.33,4,NA,NA,NA,NA,180,7
2011,8,15,291,10.17,4,NA,NA,NA,NA,180,8
2011,8,18,291,11.67,4,NA,NA,NA,NA,180,25
2011,8,24,291,14.50,4,NA,NA,NA,NA,180,60
2011,8,26,291,12.67,4,NA,NA,NA,NA,180,115
2011,8,29,291,13.83,4,NA,NA,NA,NA,180,176
2011,7,5,291,4.67,3,NA,NA,NA,NA,180,54
2011,7,8,291,5.00,3,57,1,19,0,180,71
2011,7,12,291,11.00,3,63,0,9,1,180,138
2011,7,14,291,11.50,3,63,0,9,1,180,273
2011,7,19,291,15.00,3,96,5,27,2,180,535
2011,7,21,291,16.17,3,96,5,27,2,180,405
2011,7,25,291,23.33,3,90,11,29,9,180,555
2011,7,29,291,20.50,3,NA,NA,NA,NA,180,72
2011,6,1,291,24.67,1,NA,NA,NA,NA,300,16
2011,6,3,291,26.33,1,NA,NA,NA,NA,180,70
2011,6,13,291,7.17,2,NA,NA,NA,NA,180,124
2011,6,17,291,9.17,2,29,1,12,1,180,112
2011,6,21,291,14.33,2,63,6,22,5,180,310
2011,6,24,291,15.50,2,49,12,17,6,180,192
2011,6,27,291,17.17,2,59,5,21,3,180,215
2011,5,17,291,15.00,1,NA,NA,NA,NA,180,0
2011,5,24,291,23.67,1,NA,NA,NA,NA,180,22
2011,5,27,291,19.50,1,NA,NA,NA,NA,180,27
2011,10,12,310,5.50,5,17,63,8,6,180,235
2011,9,1,310,20.33,4,53,3,38,0,180,195
2011,9,8,310,21.33,4,71,4,22,1,180,320
2011,9,14,310,24.33,4,72,12,12,2,180,192
2011,9,20,310,21.33,4,71,7,20,5,180,950
2011,8,8,310,9.83,4,NA,NA,NA,NA,300,15
2011,8,11,310,10.17,4,NA,NA,NA,NA,180,14
2011,8,15,310,13.83,4,NA,NA,NA,NA,180,49
2011,8,18,310,15.17,4,NA,NA,NA,NA,180,59
2011,8,24,310,16.67,4,NA,NA,NA,NA,180,60
2011,8,26,310,18.50,4,NA,NA,NA,NA,180,128
2011,8,29,310,21.00,4,55,8,19,0,180,236
2011,7,5,310,3.50,3,NA,NA,NA,NA,180,56
2011,7,8,310,4.67,3,39,2,12,0,180,169
2011,7,12,310,9.67,3,73,12,18,4,180,280
2011,7,14,310,10.33,3,73,12,18,4,180,540
2011,7,19,310,16.33,3,82,9,31,2,180,1225
2011,7,21,310,20.17,3,82,9,31,2,180,970
2011,7,25,310,22.33,3,65,13,21,5,180,420
2011,6,1,310,21.00,1,NA,NA,NA,NA,300,62
2011,6,13,310,9.50,2,NA,NA,NA,NA,180,100
2011,6,17,310,10.00,2,35,0,7,0,180,192
2011,6,21,310,17.00,2,74,7,26,1,180,465
2011,6,24,310,16.00,2,69,19,34,12,180,365
2011,6,27,310,19.33,2,66,8,12,4,180,245
2011,5,17,310,15.83,1,NA,NA,NA,NA,180,0
2011,5,24,310,20.67,1,NA,NA,NA,NA,180,30
2011,5,27,310,20.17,1,NA,NA,NA,NA,180,75
2011,10,12,583,6.17,5,24,35,9,2,180,125
2011,9,1,583,22.83,4,57,19,17,6,180,208
2011,9,8,583,19.00,4,72,13,6,0,180,815
2011,9,14,583,23.83,4,29,11,2,0,180,155
2011,9,20,583,19.67,4,83,8,11,1,180,225
2011,8,8,583,8.00,4,NA,NA,NA,NA,300,13
2011,8,11,583,8.67,4,NA,NA,NA,NA,180,39
2011,8,15,583,13.83,4,NA,NA,NA,NA,180,89
2011,8,18,583,16.67,4,NA,NA,NA,NA,180,160
2011,8,24,583,18.67,4,71,20,15,2,180,323
2011,8,26,583,19.17,4,71,20,15,2,180,222
2011,8,29,583,20.00,4,85,14,2,2,180,485
2011,7,5,583,3.83,3,NA,NA,NA,NA,180,156
2011,7,8,583,7.00,3,84,3,10,0,180,300
2011,7,12,583,11.50,3,94,9,6,2,180,465
2011,7,14,583,12.50,3,94,9,6,2,180,495
2011,7,19,583,20.17,3,81,16,20,6,180,1315
2011,7,21,583,20.33,3,81,16,20,6,180,710
2011,7,25,583,25.00,3,96,5,8,2,180,300
2011,7,29,583,23.67,3,NA,NA,NA,NA,180,108
2011,6,1,583,21.00,1,NA,NA,NA,NA,300,144
2011,6,13,583,6.83,2,NA,NA,NA,NA,180,128
2011,6,17,583,11.50,2,34,0,5,0,180,139
2011,6,21,583,NA,2,NA,NA,NA,NA,NA,NA
2011,6,24,583,16.83,2,98,2,7,2,180,279
2011,6,27,583,20.50,2,86,4,9,2,180,595
2011,5,17,583,17.00,1,NA,NA,NA,NA,180,3
2011,5,24,583,21.50,1,NA,NA,NA,NA,180,56
2011,5,27,583,18.50,1,NA,NA,NA,NA,180,63
2011,10,12,640,3.83,5,11,22,0,0,180,60
2011,9,1,640,15.17,4,NA,NA,NA,NA,180,39
2011,9,8,640,16.00,4,96,1,16,0,220,119
2011,9,14,640,17.33,4,77,7,10,0,260,103
2011,9,20,640,18.83,4,79,9,7,1,180,160
2011,8,8,640,6.17,4,NA,NA,NA,NA,300,0
2011,8,11,640,5.50,4,NA,NA,NA,NA,180,4
2011,8,15,640,12.67,4,NA,NA,NA,NA,180,13
2011,8,18,640,9.17,4,NA,NA,NA,NA,180,21
2011,8,24,640,12.33,4,NA,NA,NA,NA,180,13
2011,8,26,640,12.50,4,NA,NA,NA,NA,180,59
2011,8,29,640,13.50,4,NA,NA,NA,NA,180,47
2011,7,12,640,4.67,3,NA,NA,NA,NA,180,14
2011,7,14,640,7.00,3,NA,NA,NA,NA,180,11
2011,7,19,640,12.17,3,80,12,14,2,180,159
2011,7,21,640,16.00,3,80,12,14,2,180,169
2011,7,25,640,20.83,3,68,8,21,4,180,200
2011,7,29,640,20.67,3,NA,NA,NA,NA,180,58
2011,6,1,640,22.00,1,NA,NA,NA,NA,300,16
2011,6,3,640,25.17,1,NA,NA,NA,NA,180,113
2011,6,13,640,6.83,2,NA,NA,NA,NA,180,58
2011,6,17,640,10.00,2,20,3,1,1,180,142
2011,6,21,640,12.67,2,69,4,10,0,180,203
2011,6,24,640,18.83,2,88,4,4,2,180,224
2011,6,27,640,19.17,2,95,5,8,1,180,237
2011,6,30,640,22.17,2,80,2,6,3,180,640
2011,5,17,640,15.83,1,NA,NA,NA,NA,180,0
2011,5,24,640,18.17,1,NA,NA,NA,NA,180,22
2011,5,27,640,20.33,1,NA,NA,NA,NA,180,27
2012,10,1,219,12.20,4,40,52,3,5,125,2250
2012,10,4,219,14.60,4,28,60,3,9,125,3050
2012,10,8,219,12.20,4,22,69,3,6,125,1430
2012,10,11,219,15.80,4,24,67,2,7,125,900
2012,9,14,219,11.60,4,60,28,9,3,50,3630
2012,9,24,219,10.60,4,44,44,4,8,50,3200
2012,8,3,219,17.20,3,NA,NA,NA,NA,250,89
2012,8,6,219,18.40,3,NA,NA,NA,NA,125,51
2012,8,15,219,27.20,3,92,0,6,0,125,0
2012,8,17,219,26.00,3,92,0,6,0,125,0
2012,8,20,219,26.40,3,74,15,7,4,125,0
2012,8,30,219,29.00,3,NA,NA,NA,NA,125,18
2012,7,9,219,15.40,2,78,10,11,1,125,385
2012,7,11,219,16.60,2,78,10,11,1,400,113
2012,7,16,219,16.80,2,68,22,5,5,250,215
2012,7,26,219,6.40,3,NA,NA,NA,NA,500,0
2012,7,30,219,10.60,3,91,9,0,0,300,5
2012,6,4,219,13.20,1,69,17,7,7,125,820
2012,6,7,219,10.00,1,34,53,4,9,125,590
2012,6,12,219,16.00,1,50,33,8,9,125,665
2012,6,14,219,18.60,1,50,33,8,9,125,530
2012,5,30,219,NA,1,63,26,6,4,125,440
2012,10,1,310,14.20,4,29,60,4,7,125,780
2012,10,4,310,14.80,4,20,67,2,11,125,1850
2012,10,8,310,17.40,4,18,75,4,3,125,820
2012,10,11,310,19.00,4,22,65,6,7,125,680
2012,9,14,310,9.80,4,65,23,8,5,125,730
2012,9,24,310,13.20,4,37,50,4,9,125,1065
2012,8,3,310,15.80,3,NA,NA,NA,NA,250,9
2012,8,6,310,17.40,3,NA,NA,NA,NA,250,3
2012,8,15,310,26.20,3,90,2,6,1,125,110
2012,8,17,310,26.20,3,90,2,6,1,125,115
2012,8,20,310,30.80,3,82,9,7,2,125,135
2012,8,30,310,32.40,3,NA,NA,NA,NA,125,220
2012,7,9,310,10.40,2,85,2,11,0,150,32
2012,7,11,310,13.40,2,85,2,11,0,500,140
2012,7,16,310,10.80,2,77,12,8,3,250,90
2012,7,26,310,6.20,3,NA,NA,NA,NA,500,7
2012,7,30,310,11.00,3,NA,NA,NA,NA,250,0
2012,6,4,310,12.20,1,55,28,9,8,125,820
2012,6,7,310,16.60,1,27,60,3,10,125,860
2012,6,12,310,14.40,1,45,40,2,3,125,700
2012,6,14,310,19.40,1,45,40,2,3,125,400
2012,6,18,310,21.00,1,42,44,4,10,125,440
2012,5,30,310,NA,1,55,27,7,10,125,340
2012,10,1,446,8.00,3,45,40,8,7,125,150
2012,10,4,446,12.40,3,36,54,4,6,125,225
2012,10,8,446,12.60,3,25,64,2,9,125,295
2012,10,11,446,15.60,3,23,60,6,11,125,400
2012,9,14,446,5.80,3,73,16,9,2,250,85
2012,9,24,446,6.40,3,48,38,9,5,125,145
2012,8,3,446,18.00,2,NA,NA,NA,NA,250,0
2012,8,6,446,20.60,2,NA,NA,NA,NA,125,3
2012,8,15,446,23.00,2,NA,NA,NA,NA,125,1
2012,8,17,446,24.80,2,NA,NA,NA,NA,125,12
2012,8,20,446,30.20,2,NA,NA,NA,NA,125,0
2012,8,30,446,32.60,2,NA,NA,NA,NA,125,20
2012,7,9,446,8.00,2,83,5,10,2,150,0
2012,7,11,446,11.40,2,83,5,10,2,500,120
2012,7,16,446,11.20,2,74,13,10,3,250,130
2012,7,20,446,9.60,2,NA,NA,NA,NA,150,2
2012,7,23,446,15.00,2,NA,NA,NA,NA,125,0
2012,7,26,446,12.60,2,NA,NA,NA,NA,200,0
2012,7,30,446,14.80,2,NA,NA,NA,NA,125,0
2012,6,4,446,10.20,1,62,30,3,5,125,970
2012,6,7,446,12.00,1,63,29,5,3,125,1060
2012,6,12,446,17.20,1,52,35,8,5,125,600
2012,6,14,446,21.60,1,52,35,8,5,125,540
2012,6,18,446,21.60,1,46,39,6,9,125,1130
2012,5,30,446,NA,1,59,30,5,6,125,450
2012,10,1,506,14.60,4,34,54,5,7,125,1490
2012,10,4,506,18.00,4,24,64,3,9,125,2750
2012,10,8,506,15.40,4,19,69,5,7,125,1190
2012,10,11,506,17.40,4,26,58,7,9,125,770
2012,9,14,506,12.60,4,58,29,8,5,125,1240
2012,9,24,506,18.00,4,43,42,5,10,125,1650
2012,8,3,506,19.00,3,NA,NA,NA,NA,250,3
2012,8,6,506,19.40,3,NA,NA,NA,NA,125,16
2012,8,15,506,26.60,3,89,2,8,1,125,44
2012,8,17,506,23.00,3,89,2,8,1,125,90
2012,8,20,506,29.60,3,85,3,10,2,125,71
2012,8,30,506,36.20,3,NA,NA,NA,NA,125,255
2012,7,9,506,14.60,2,76,10,8,5,125,240
2012,7,11,506,20.40,2,76,10,8,5,125,170
2012,7,16,506,22.00,2,65,26,6,3,150,100
2012,7,26,506,4.40,3,NA,NA,NA,NA,500,0
2012,7,30,506,10.80,3,NA,NA,NA,NA,250,7
2012,6,4,506,15.40,1,75,15,5,5,125,660
2012,6,7,506,19.60,1,41,50,2,7,125,1020
2012,6,12,506,16.20,1,65,25,5,5,125,600
2012,6,14,506,19.20,1,65,25,5,5,125,715
2012,5,30,506,NA,1,70,22,4,4,125,460
2012,10,1,660,16.60,4,30,55,7,8,125,1250
2012,10,4,660,17.40,4,22,66,2,10,125,945
2012,10,8,660,19.40,4,20,67,4,9,125,860
2012,10,11,660,21.20,4,29,63,3,5,125,990
2012,9,14,660,15.20,4,55,32,9,4,125,760
2012,9,24,660,15.60,4,35,53,5,7,125,1070
2012,8,3,660,21.20,3,NA,NA,NA,NA,250,7
2012,8,6,660,17.00,3,NA,NA,NA,NA,150,29
2012,8,15,660,28.00,3,90,0,9,0,125,75
2012,8,17,660,29.40,3,90,0,9,0,125,80
2012,8,20,660,29.60,3,80,12,5,3,125,130
2012,8,30,660,33.20,3,NA,NA,NA,NA,125,290
2012,7,9,660,17.20,2,74,14,8,4,125,335
2012,7,11,660,21.40,2,74,14,8,4,400,160
2012,7,16,660,24.00,2,70,20,6,4,150,960
2012,7,30,660,9.20,3,NA,NA,NA,NA,500,1
2012,6,4,660,15.40,1,72,18,6,4,125,1180
2012,6,7,660,14.20,1,22,62,4,12,125,1050
2012,6,12,660,14.60,1,59,30,7,4,125,1215
2012,6,14,660,10.00,1,59,30,7,4,125,980
2012,5,30,660,NA,1,55,39,2,3,125,780
2013,8,1,110,16.67,NA,57,28,11,4,275,310
2013,8,7,110,18.83,NA,66,7,24,1,175,654
2013,8,9,110,21.17,NA,50,16,20,2,150,435
2013,8,12,110,25.00,NA,57,17,11,4,150,572
2013,8,16,110,19.50,NA,NA,NA,NA,NA,150,625
2013,8,19,110,23.50,NA,65,11,19,2,150,790
2013,8,23,110,21.33,NA,47,13,20,1,150,115
2013,8,26,110,NA,NA,49,4,0,0,150,238
2013,8,29,110,NA,NA,NA,NA,NA,NA,NA,NA
2013,7,1,110,15.83,NA,83,9,6,2,600,199
2013,7,12,110,NA,NA,NA,NA,NA,NA,NA,NA
2013,7,15,110,NA,NA,NA,NA,NA,NA,NA,NA
2013,7,18,110,NA,NA,NA,NA,NA,NA,NA,NA
2013,7,22,110,NA,NA,NA,NA,NA,NA,NA,NA
2013,7,25,110,11.33,NA,70,8,21,0,600,82
2013,7,29,110,13.33,NA,97,15,24,1,600,452
2013,6,3,110,20.67,NA,NA,NA,NA,NA,600,150
2013,6,7,110,29.83,NA,82,32,11,3,300,271
2013,6,11,110,NA,NA,NA,NA,NA,NA,NA,NA
2013,6,14,110,NA,NA,NA,NA,NA,NA,NA,NA
2013,6,19,110,NA,NA,NA,NA,NA,NA,NA,NA
2013,6,24,110,10.67,NA,7,2,3,0,600,53
2013,8,1,220,10.17,NA,14,2,3,0,600,64
2013,8,7,220,18.00,NA,46,32,10,5,300,469
2013,8,9,220,14.33,NA,52,44,5,5,150,280
2013,8,12,220,16.67,NA,47,17,29,6,150,350
2013,8,16,220,19.83,NA,NA,NA,NA,NA,150,505
2013,8,19,220,22.33,NA,47,4,25,5,150,595
2013,8,23,220,27.50,NA,53,14,26,9,150,320
2013,8,26,220,NA,NA,NA,NA,NA,NA,NA,NA
2013,8,29,220,NA,NA,NA,NA,NA,NA,NA,NA
2013,7,1,220,13.50,NA,63,30,5,3,300,465
2013,7,9,220,23.67,NA,45,41,4,3,150,720
2013,7,12,220,29.33,NA,87,3,10,0,150,1105
2013,7,15,220,22.67,NA,77,10,6,2,150,1480
2013,7,18,220,NA,NA,NA,NA,NA,NA,NA,NA
2013,7,22,220,NA,NA,NA,NA,NA,NA,NA,NA
2013,7,25,220,NA,NA,NA,NA,NA,NA,NA,NA
2013,7,29,220,NA,NA,NA,NA,NA,NA,NA,NA
2013,6,3,220,23.17,NA,74,47,1,0,600,385
2013,6,7,220,30.83,NA,88,15,3,0,300,568
2013,6,11,220,34.50,NA,79,25,3,0,300,610
2013,6,14,220,30.33,NA,73,36,1,0,300,880
2013,6,19,220,NA,NA,NA,NA,NA,NA,NA,NA
2013,6,24,220,4.67,NA,24,7,3,1,600,53
2013,6,27,220,8.50,NA,50,32,10,8,600,297
2013,8,1,300,NA,NA,80,25,20,0,600,357
2013,8,7,300,NA,NA,60,20,11,5,150,520
2013,8,9,300,NA,NA,57,29,9,6,150,590
2013,8,12,300,NA,NA,56,12,24,5,150,639
2013,8,16,300,NA,NA,63,8,18,2,150,835
2013,8,19,300,NA,NA,63,11,23,6,150,720
2013,8,23,300,NA,NA,43,9,32,10,150,435
2013,8,26,300,NA,NA,54,2,2,0,150,0
2013,8,29,300,NA,NA,NA,NA,NA,NA,NA,NA
2013,7,1,300,9.17,NA,73,13,9,1,300,173
2013,7,12,300,14.33,NA,79,25,5,5,150,550
2013,7,15,300,16.17,NA,82,22,3,0,150,490
2013,7,18,300,NA,NA,NA,NA,NA,NA,NA,NA
2013,7,22,300,NA,NA,NA,NA,NA,NA,NA,NA
2013,7,25,300,NA,NA,NA,NA,NA,NA,NA,NA
2013,7,29,300,NA,NA,68,19,8,1,600,359
2013,6,3,300,25.17,NA,64,14,2,0,600,205
2013,6,7,300,26.83,NA,69,59,0,1,300,137
2013,6,11,300,35.33,NA,73,23,5,2,300,125
2013,6,14,300,29.83,NA,92,18,5,0,300,330
2013,6,19,300,34.33,NA,NA,NA,NA,NA,150,183
2013,6,24,300,NA,NA,NA,NA,NA,NA,NA,NA
2013,6,27,300,6.17,NA,65,30,8,4,600,135
2013,8,1,310,11.00,NA,61,2,19,2,300,264
2013,8,7,310,15.67,NA,48,22,26,8,150,455
2013,8,9,310,20.00,NA,74,31,5,3,150,355
2013,8,12,310,18.33,NA,62,25,30,3,150,585
2013,8,16,310,19.00,NA,47,5,20,1,150,915
2013,8,19,310,19.83,NA,36,6,15,10,150,610
2013,8,23,310,23.67,NA,50,13,33,7,150,520
2013,8,26,310,NA,NA,NA,NA,NA,NA,NA,NA
2013,8,29,310,NA,NA,NA,NA,NA,NA,NA,NA
2013,7,1,310,16.50,NA,69,25,4,2,300,180
2013,7,12,310,NA,NA,NA,NA,NA,NA,NA,NA
2013,7,15,310,NA,NA,NA,NA,NA,NA,NA,NA
2013,7,18,310,NA,NA,NA,NA,NA,NA,NA,NA
2013,7,22,310,6.67,NA,37,0,2,0,600,30
2013,7,25,310,8.50,NA,70,26,8,4,600,100
2013,7,29,310,13.17,NA,68,7,23,1,300,231
2013,6,3,310,22.50,NA,52,7,1,0,600,210
2013,6,7,310,28.67,NA,75,25,2,1,300,199
2013,6,11,310,30.33,NA,84,19,15,2,300,355
2013,6,14,310,32.00,NA,95,26,3,4,200,520
2013,6,19,310,NA,NA,NA,NA,NA,NA,NA,NA
2013,6,24,310,10.00,NA,40,13,10,5,600,51
2013,6,27,310,12.17,NA,65,27,5,3,600,190
2013,5,29,310,22.83,NA,NA,NA,NA,NA,600,53
2013,10,7,408,NA,NA,42,43,8,7,NA,NA
2013,10,11,408,NA,NA,NA,NA,NA,NA,NA,NA
2013,10,14,408,5.00,NA,22,2,6,0,600,46
2013,9,6,408,NA,NA,NA,NA,NA,NA,NA,NA
2013,9,9,408,NA,NA,NA,NA,NA,NA,NA,NA
2013,9,13,408,15.33,NA,40,7,0,0,300,156
2013,9,16,408,15.33,NA,NA,NA,NA,NA,300,495
2013,9,20,408,18.00,NA,NA,NA,NA,NA,150,182
2013,9,25,408,24.83,NA,70,23,6,1,150,475
2013,9,27,408,NA,NA,NA,NA,NA,NA,NA,NA
2013,9,30,408,NA,NA,NA,NA,NA,NA,NA,NA
2013,8,1,408,16.33,NA,66,10,22,1,300,315
2013,8,7,408,21.50,NA,42,30,23,5,150,295
2013,8,9,408,21.17,NA,72,11,11,2,150,680
2013,8,12,408,21.00,NA,61,12,23,0,150,615
2013,8,16,408,24.50,NA,NA,NA,NA,NA,150,860
2013,8,19,408,26.17,NA,50,10,13,2,150,670
2013,8,23,408,NA,NA,NA,NA,NA,NA,NA,NA
2013,8,26,408,NA,NA,NA,NA,NA,NA,NA,NA
2013,8,29,408,NA,NA,NA,NA,NA,NA,NA,NA
2013,7,1,408,18.17,NA,39,13,17,4,300,149
2013,7,12,408,NA,NA,NA,NA,NA,NA,NA,NA
2013,7,15,408,NA,NA,NA,NA,NA,NA,NA,NA
2013,7,18,408,5.83,NA,3,0,1,0,600,8
2013,7,22,408,9.50,NA,84,14,32,1,600,124
2013,7,25,408,10.83,NA,67,19,2,5,300,157
2013,7,29,408,14.50,NA,70,7,22,3,300,468
2013,6,3,408,24.33,NA,70,11,6,1,600,260
2013,6,7,408,27.00,NA,NA,NA,NA,NA,300,103
2013,6,11,408,NA,NA,NA,NA,NA,NA,NA,NA
2013,6,14,408,NA,NA,NA,NA,NA,NA,NA,NA
2013,6,19,408,5.00,NA,NA,NA,NA,NA,600,33
2013,6,24,408,10.17,NA,62,37,4,2,600,120
2013,6,27,408,11.33,NA,48,22,20,7,600,95
2013,8,1,410,NA,NA,NA,NA,NA,NA,NA,NA
2013,8,7,410,NA,NA,NA,NA,NA,NA,NA,NA
2013,8,9,410,14.50,NA,NA,NA,NA,NA,300,565
2013,8,12,410,17.67,NA,60,15,21,3,150,525
2013,8,16,410,20.00,NA,40,6,21,2,150,655
2013,8,19,410,21.33,NA,42,15,34,4,150,475
2013,8,23,410,19.00,NA,51,12,18,11,150,335
2013,8,26,410,25.33,NA,52,4,0,0,150,105
2013,8,29,410,NA,NA,NA,NA,NA,NA,NA,NA
2013,7,1,410,10.17,NA,71,14,12,3,600,183
2013,7,12,410,25.33,NA,75,17,27,5,275,700
2013,7,15,410,25.50,NA,76,6,13,5,150,865
2013,7,18,410,28.67,NA,85,9,35,2,150,835
2013,7,22,410,31.17,NA,69,6,22,1,150,1040
2013,7,25,410,NA,NA,NA,NA,NA,NA,NA,NA
2013,7,29,410,NA,NA,NA,NA,NA,NA,NA,NA
2013,6,3,410,19.17,NA,32,2,3,1,600,190
2013,6,7,410,21.83,NA,NA,NA,NA,NA,300,107
2013,6,11,410,25.67,NA,58,38,12,7,300,245
2013,6,14,410,30.50,NA,72,17,11,0,200,170
2013,6,19,410,31.67,NA,NA,NA,NA,NA,150,256
2013,6,24,410,NA,NA,NA,NA,NA,NA,NA,NA
2013,6,27,410,NA,NA,7,5,3,0,NA,NA
2013,10,7,447,7.67,NA,33,59,3,5,600,130
2013,10,11,447,10.00,NA,66,6,14,4,300,590
2013,10,14,447,13.83,NA,72,4,15,5,300,440
2013,9,6,447,NA,NA,NA,NA,NA,NA,NA,NA
2013,9,9,447,NA,NA,NA,NA,NA,NA,NA,NA
2013,9,13,447,13.83,NA,87,3,0,0,600,325
2013,9,16,447,10.00,NA,NA,NA,NA,NA,300,390
2013,9,20,447,16.50,NA,NA,NA,NA,NA,300,625
2013,9,25,447,NA,NA,NA,NA,NA,NA,NA,NA
2013,9,27,447,NA,NA,NA,NA,NA,NA,NA,NA
2013,9,30,447,NA,NA,NA,NA,NA,NA,NA,NA
2013,8,1,447,4.17,NA,3,0,0,0,600,33
2013,8,7,447,11.00,NA,61,8,27,1,300,257
2013,8,9,447,12.50,NA,71,18,10,4,150,265
2013,8,12,447,17.00,NA,67,10,17,1,150,350
2013,8,16,447,17.83,NA,NA,NA,NA,NA,150,670
2013,8,19,447,18.17,NA,48,5,11,2,150,700
2013,8,23,447,23.00,NA,40,6,22,5,150,1175
2013,8,26,447,23.83,NA,40,6,3,0,150,280
2013,8,29,447,NA,NA,NA,NA,NA,NA,NA,NA
2013,7,1,447,10.33,NA,60,36,6,4,300,502
2013,7,12,447,24.17,NA,94,13,9,7,150,2710
2013,7,15,447,23.50,NA,67,10,15,3,150,1950
2013,7,18,447,NA,NA,NA,NA,NA,NA,NA,NA
2013,7,22,447,NA,NA,NA,NA,NA,NA,NA,NA
2013,7,25,447,NA,NA,NA,NA,NA,NA,NA,NA
2013,7,29,447,NA,NA,NA,NA,NA,NA,NA,NA
2013,6,3,447,18.67,NA,NA,NA,NA,NA,600,280
2013,6,7,447,23.00,NA,70,26,9,2,300,300
2013,6,11,447,26.83,NA,61,35,11,4,300,475
2013,6,14,447,31.83,NA,76,16,25,1,300,1070
2013,6,19,447,30.33,NA,NA,NA,NA,NA,225,730
2013,6,24,447,5.67,NA,NA,NA,NA,NA,600,33
2013,6,27,447,6.50,NA,40,50,3,7,600,251
2013,10,7,640,NA,NA,NA,NA,NA,NA,NA,NA
2013,10,11,640,NA,NA,NA,NA,NA,NA,NA,NA
2013,10,14,640,9.33,NA,55,17,15,3,600,185
2013,9,6,640,13.83,NA,132,5,0,0,600,272
2013,9,9,640,16.67,NA,167,12,0,0,300,306
2013,9,13,640,18.83,NA,137,6,0,0,150,360
2013,9,16,640,21.17,NA,NA,NA,NA,NA,150,465
2013,9,20,640,20.17,NA,91,0,0,0,150,200
2013,9,25,640,25.17,NA,87,5,8,0,150,475
2013,9,27,640,NA,NA,NA,NA,NA,NA,NA,NA
2013,9,30,640,NA,NA,NA,NA,NA,NA,NA,NA
2013,8,1,640,19.00,NA,71,21,9,2,300,320
2013,8,7,640,24.67,NA,51,15,22,1,150,525
2013,8,9,640,23.33,NA,70,22,7,4,150,510
2013,8,12,640,27.83,NA,51,8,27,3,150,435
2013,8,16,640,21.33,NA,NA,NA,NA,NA,150,750
2013,8,19,640,33.50,NA,56,13,24,4,150,345
2013,8,23,640,NA,NA,NA,NA,NA,NA,NA,NA
2013,8,26,640,NA,NA,NA,NA,NA,NA,NA,NA
2013,8,29,640,NA,NA,NA,NA,NA,NA,NA,NA
2013,7,1,640,19.33,NA,60,32,4,4,600,239
2013,7,12,640,NA,NA,NA,NA,NA,NA,NA,NA
2013,7,15,640,NA,NA,NA,NA,NA,NA,NA,NA
2013,7,18,640,5.00,NA,9,1,0,0,600,14
2013,7,22,640,9.67,NA,59,11,15,1,600,103
2013,7,25,640,12.50,NA,80,27,1,1,600,287
2013,7,29,640,14.83,NA,75,2,20,1,300,325
2013,6,3,640,27.00,NA,143,27,1,0,600,130
2013,6,7,640,32.50,NA,92,15,2,0,300,309
2013,6,11,640,NA,NA,NA,NA,NA,NA,NA,NA
2013,6,14,640,NA,NA,NA,NA,NA,NA,NA,NA
2013,6,19,640,NA,NA,NA,NA,NA,NA,NA,NA
2013,6,24,640,14.00,NA,NA,NA,NA,NA,600,192
2013,6,27,640,14.83,NA,NA,NA,NA,NA,600,311
2013,10,7,650,NA,NA,NA,NA,NA,NA,NA,NA
2013,10,11,650,NA,NA,NA,NA,NA,NA,NA,NA
2013,10,14,650,7.83,NA,81,7,7,5,600,144
2013,9,6,650,NA,NA,75,5,0,0,600,296
2013,9,9,650,13.17,NA,126,9,0,0,600,480
2013,9,13,650,15.00,NA,73,8,0,0,300,240
2013,9,16,650,15.50,NA,NA,NA,NA,NA,300,390
2013,9,20,650,16.83,NA,92,3,0,0,300,225
2013,9,25,650,20.50,NA,61,26,8,5,150,295
2013,9,27,650,NA,NA,NA,NA,NA,NA,NA,NA
2013,9,30,650,NA,NA,NA,NA,NA,NA,NA,NA
2013,8,1,650,22.33,NA,70,22,22,6,300,475
2013,8,7,650,18.67,NA,74,27,11,5,150,650
2013,8,9,650,18.83,NA,48,4,26,0,150,620
2013,8,12,650,20.83,NA,58,8,19,0,150,420
2013,8,16,650,22.83,NA,54,1,29,0,150,485
2013,8,19,650,23.67,NA,57,10,31,0,300,300
2013,8,23,650,NA,NA,NA,NA,NA,NA,NA,NA
2013,8,26,650,NA,NA,NA,NA,NA,NA,NA,NA
2013,8,29,650,NA,NA,NA,NA,NA,NA,NA,NA
2013,7,1,650,17.00,NA,52,9,13,0,600,210
2013,7,12,650,NA,NA,NA,NA,NA,NA,NA,NA
2013,7,15,650,NA,NA,NA,NA,NA,NA,NA,NA
2013,7,18,650,4.17,NA,69,10,25,0,600,68
2013,7,22,650,9.33,NA,91,18,17,1,600,325
2013,7,25,650,11.00,NA,75,17,17,0,600,550
2013,7,29,650,15.50,NA,113,11,23,0,300,714
2013,6,3,650,11.33,NA,38,11,5,2,600,270
2013,6,7,650,25.83,NA,83,19,5,1,300,276
2013,6,11,650,NA,NA,NA,NA,NA,NA,NA,NA
2013,6,14,650,NA,NA,NA,NA,NA,NA,NA,NA
2013,6,19,650,NA,NA,NA,NA,NA,NA,NA,NA
2013,6,24,650,11.83,NA,59,29,16,2,600,216
2013,6,27,650,14.83,NA,43,45,4,8,600,274
2013,10,7,506N,NA,NA,NA,NA,NA,NA,NA,NA
2013,10,11,506N,NA,NA,NA,NA,NA,NA,NA,NA
2013,10,14,506N,5.00,NA,65,12,7,0,600,86
2013,9,6,506N,16.33,NA,121,2,0,0,600,330
2013,9,9,506N,17.67,NA,160,13,0,0,300,330
2013,9,13,506N,17.33,NA,89,5,0,0,300,540
2013,9,16,506N,19.50,NA,71,8,0,0,275,920
2013,9,20,506N,22.00,NA,NA,NA,NA,NA,150,1230
2013,9,25,506N,26.33,NA,66,22,9,3,150,1260
2013,9,27,506N,NA,NA,NA,NA,NA,NA,NA,NA
2013,9,30,506N,NA,NA,NA,NA,NA,NA,NA,NA
2013,8,1,506N,16.33,NA,58,22,25,1,300,235
2013,8,7,506N,18.67,NA,38,11,23,6,150,330
2013,8,9,506N,17.00,NA,62,31,7,7,150,435
2013,8,12,506N,22.83,NA,62,15,15,5,150,427
2013,8,16,506N,30.00,NA,56,10,28,1,150,355
2013,8,19,506N,22.67,NA,35,15,15,3,150,430
2013,8,23,506N,NA,NA,NA,NA,NA,NA,NA,NA
2013,8,26,506N,NA,NA,NA,NA,NA,NA,NA,NA
2013,8,29,506N,5.33,NA,53,15,37,8,600,148
2013,7,1,506N,NA,NA,64,9,8,2,614,0
2013,7,12,506N,NA,NA,NA,NA,NA,NA,NA,NA
2013,7,15,506N,NA,NA,NA,NA,NA,NA,NA,NA
2013,7,18,506N,NA,NA,NA,NA,NA,NA,NA,NA
2013,7,22,506N,NA,NA,NA,NA,NA,NA,NA,NA
2013,7,25,506N,8.17,NA,30,4,23,0,600,74
2013,7,29,506N,14.83,NA,83,21,8,4,600,380
2013,6,3,506N,17.50,NA,NA,NA,NA,NA,300,145
2013,6,7,506N,21.00,NA,85,15,4,0,600,259
2013,6,11,506N,NA,NA,NA,NA,NA,NA,NA,NA
2013,6,14,506N,NA,NA,NA,NA,NA,NA,NA,NA
2013,6,19,506N,10.17,NA,NA,NA,NA,NA,600,44
2013,6,24,506N,11.00,NA,46,62,10,10,600,133
2013,6,27,506N,NA,NA,NA,NA,NA,NA,NA,NA
2014,8,4,135,14.33,NA,37,1,13,0,300,198
2014,8,20,135,8.00,NA,66,1,28,1,120,266
2014,8,28,135,12.83,NA,35,2,9,2,120,244
2014,7,1,135,17.50,NA,39,0,24,11,600,128
2014,7,3,135,21.50,NA,34,15,9,4,450,146
2014,7,7,135,NA,NA,NA,NA,NA,NA,NA,NA
2014,7,17,135,5.83,NA,NA,NA,NA,NA,600,0
2014,7,21,135,8.33,NA,2,0,0,0,600,3
2014,7,24,135,8.83,NA,5,1,2,2,600,21
2014,7,28,135,10.00,NA,16,0,13,0,600,48
2014,7,31,135,14.67,NA,28,3,10,0,600,74
2014,6,2,135,30.00,NA,71,2,23,1,300,1310
2014,6,20,135,10.33,NA,58,16,20,6,300,820
2014,6,24,135,16.83,NA,38,7,18,11,220,1650
2014,6,26,135,15.00,NA,34,6,24,2,150,645
2014,5,29,135,24.83,NA,66,2,17,0,300,505
2014,8,4,2110,15.67,NA,32,4,19,0,300,306
2014,8,20,2110,9.33,NA,71,1,28,0,120,336
2014,8,29,2110,17.17,NA,15,2,7,2,180,159
2014,7,1,2110,19.17,NA,27,1,15,3,600,60
2014,7,3,2110,20.50,NA,13,3,4,1,450,61
2014,7,7,2110,24.33,NA,5,2,1,0,600,11
2014,7,17,2110,8.00,NA,NA,NA,NA,NA,600,0
2014,7,21,2110,10.33,NA,NA,NA,NA,NA,600,0
2014,7,24,2110,10.83,NA,9,3,5,0,600,33
2014,7,28,2110,11.50,NA,20,0,11,0,600,53
2014,7,31,2110,14.83,NA,42,0,9,0,600,145
2014,6,2,2110,32.00,NA,52,2,26,2,120,1875
2014,6,6,2110,33.00,NA,36,0,7,0,120,2600
2014,6,16,2110,7.67,NA,55,4,36,1,600,670
2014,6,20,2110,6.00,NA,58,0,28,1,450,180
2014,6,24,2110,10.17,NA,49,2,31,6,300,355
2014,6,26,2110,13.67,NA,33,7,18,3,300,370
2014,5,28,2110,29.50,NA,80,1,21,1,300,1425
2014,8,20,301,7.50,NA,71,1,23,0,120,248
2014,8,28,301,NA,NA,34,5,19,3,NA,NA
2014,7,1,301,18.17,NA,47,2,17,2,600,119
2014,7,3,301,19.50,NA,34,6,9,3,450,92
2014,7,7,301,24.50,NA,5,0,2,0,600,22
2014,7,17,301,3.83,NA,NA,NA,NA,NA,600,0
2014,7,21,301,9.17,NA,3,0,0,0,600,3
2014,7,24,301,8.33,NA,18,1,3,0,600,38
2014,7,28,301,9.50,NA,10,0,4,0,600,21
2014,7,31,301,13.33,NA,15,1,8,0,600,58
2014,6,3,301,31.17,NA,71,3,20,1,300,1300
2014,6,6,301,31.67,NA,48,1,21,1,120,1280
2014,6,16,301,1.67,NA,NA,NA,NA,NA,NA,NA
2014,6,20,301,4.83,NA,75,1,17,2,450,405
2014,6,24,301,10.33,NA,51,18,16,4,300,535
2014,6,26,301,14.00,NA,26,5,1,0,300,640
2014,5,28,301,NA,NA,70,0,22,1,NA,NA
2014,8,4,307,18.50,NA,60,2,32,2,600,163
2014,8,20,307,7.83,NA,60,0,20,1,280,129
2014,8,29,307,NA,NA,47,5,10,2,NA,NA
2014,7,1,307,17.67,NA,17,5,8,2,600,80
2014,7,3,307,17.00,NA,22,11,9,6,450,59
2014,7,7,307,24.83,NA,7,0,1,0,600,20
2014,7,17,307,4.17,NA,NA,NA,NA,NA,600,1
2014,7,21,307,9.17,NA,NA,NA,NA,NA,600,2
2014,7,24,307,10.33,NA,19,1,0,0,600,27
2014,7,28,307,11.83,NA,10,1,3,0,600,28
2014,7,31,307,16.17,NA,36,0,30,0,600,130
2014,6,3,307,31.83,NA,59,2,26,0,300,1950
2014,6,6,307,33.50,NA,47,1,14,1,120,2425
2014,6,16,307,3.50,NA,4,0,12,0,600,123
2014,6,20,307,8.00,NA,64,5,27,0,450,457
2014,6,24,307,13.67,NA,43,5,22,3,300,385
2014,6,26,307,16.17,NA,42,3,30,0,300,515
2014,5,29,307,26.50,NA,63,4,22,0,300,1650
2014,8,4,412,23.17,NA,76,6,17,2,300,322
2014,8,20,412,13.33,NA,63,0,21,1,120,484
2014,8,28,412,NA,NA,27,3,2,0,NA,NA
2014,7,1,412,21.83,NA,17,3,8,0,600,71
2014,7,3,412,22.17,NA,21,4,6,2,375,136
2014,7,7,412,22.17,NA,3,0,2,0,550,28
2014,7,17,412,3.67,NA,NA,NA,NA,NA,600,2
2014,7,21,412,8.17,NA,6,0,0,0,600,8
2014,7,24,412,13.17,NA,3,0,0,0,600,6
2014,7,28,412,24.67,NA,5,0,1,0,600,9
2014,7,31,412,20.33,NA,32,0,13,0,600,73
2014,6,2,412,31.00,NA,62,6,27,3,300,1165
2014,6,6,412,36.17,NA,60,3,21,2,120,1420
2014,6,16,412,3.50,NA,59,0,13,0,600,215
2014,6,20,412,5.83,NA,68,1,23,1,450,672
2014,6,24,412,11.17,NA,40,12,26,4,300,1075
2014,6,26,412,16.50,NA,24,4,14,0,300,700
2014,5,29,412,NA,NA,45,4,43,1,NA,NA
2014,8,20,593,14.17,NA,62,1,20,0,180,399
2014,8,29,593,NA,NA,14,1,1,0,NA,NA
2014,7,1,593,21.33,NA,20,6,8,4,600,147
2014,7,3,593,23.83,NA,35,2,3,2,450,160
2014,7,7,593,27.17,NA,5,0,3,0,600,26
2014,7,17,593,6.33,NA,NA,NA,NA,NA,600,1
2014,7,21,593,11.50,NA,1,0,0,0,600,2
2014,7,24,593,13.17,NA,30,0,5,3,600,41
2014,7,28,593,18.17,NA,33,2,13,3,600,63
2014,7,31,593,15.17,NA,80,3,25,0,600,298
2014,6,2,593,37.17,NA,57,4,34,1,300,925
2014,6,6,593,40.17,NA,66,3,19,2,120,1950
2014,6,16,593,3.00,NA,NA,NA,NA,NA,NA,NA
2014,6,20,593,7.33,NA,69,0,31,0,300,595
2014,6,24,593,13.33,NA,51,9,9,1,300,1450
2014,6,26,593,15.17,NA,37,5,8,4,300,1475
2014,5,29,593,26.50,NA,57,2,30,4,300,675
2014,8,20,680,11.50,NA,22,0,5,1,120,244
2014,8,29,680,NA,NA,8,0,8,1,NA,NA
2014,7,1,680,20.17,NA,5,9,3,1,600,30
2014,7,3,680,22.67,NA,14,11,1,4,450,107
2014,7,7,680,24.67,NA,5,1,1,0,600,25
2014,7,17,680,2.67,NA,NA,NA,NA,NA,600,0
2014,7,21,680,8.83,NA,NA,NA,NA,NA,600,2
2014,7,24,680,11.83,NA,21,2,3,6,600,45
2014,7,28,680,14.00,NA,11,0,8,0,600,30
2014,7,31,680,16.67,NA,69,2,10,1,600,179
2014,6,2,680,32.50,NA,61,2,33,0,300,620
2014,6,6,680,38.83,NA,60,1,19,1,120,1800
2014,6,10,680,38.33,NA,61,2,17,0,120,1550
2014,6,16,680,2.08,NA,NA,NA,NA,NA,NA,NA
2014,6,20,680,5.83,NA,68,0,29,3,375,305
2014,6,24,680,10.00,NA,40,17,5,4,300,720
2014,6,26,680,13.17,NA,55,2,5,3,300,305
2014,5,29,680,26.67,NA,66,0,34,0,300,560
2014,8,4,110/110,23.50,NA,56,5,24,2,300,287
2014,8,20,110/110,14.17,NA,67,0,27,1,120,287
2014,8,28,110/110,22.33,NA,38,4,19,1,120,448
2014,7,1,110/110,24.50,NA,27,1,17,2,600,128
2014,7,3,110/110,26.33,NA,8,1,12,2,450,142
2014,7,7,110/110,NA,NA,NA,NA,NA,NA,NA,NA
2014,7,17,110/110,7.83,NA,NA,NA,NA,NA,600,0
2014,7,21,110/110,13.17,NA,0,0,1,0,600,5
2014,7,24,110/110,13.17,NA,15,0,9,0,600,44
2014,7,28,110/110,19.50,NA,19,0,8,1,600,48
2014,7,31,110/110,20.50,NA,45,2,17,2,600,139
2014,6,2,110/110,37.50,NA,63,6,26,1,210,1615
2014,6,16,110/110,15.83,NA,61,1,33,1,600,680
2014,6,20,110/110,15.00,NA,47,12,28,6,300,1900
2014,6,24,110/110,19.83,NA,35,1,41,2,150,1925
2014,6,26,110/110,22.00,NA,25,1,25,4,150,1400
2014,5,29,110/110,NA,NA,65,2,26,1,NA,NA
2014,8,20,506S,26.17,NA,73,5,21,4,120,890
2014,8,29,506S,NA,NA,29,0,5,1,NA,NA
2014,7,1,506S,20.00,NA,15,1,9,3,600,85
2014,7,3,506S,23.50,NA,20,0,6,1,450,199
2014,7,7,506S,23.83,NA,5,0,2,0,600,16
2014,7,17,506S,NA,NA,NA,NA,NA,NA,NA,NA
2014,7,24,506S,6.00,NA,2,0,3,0,600,7
2014,7,28,506S,9.17,NA,4,0,3,0,600,16
2014,7,31,506S,11.67,NA,27,2,11,0,600,54
2014,6,2,506S,31.17,NA,76,2,22,2,300,1330
2014,6,6,506S,36.83,NA,55,3,9,1,120,3500
2014,6,16,506S,4.00,NA,NA,NA,NA,NA,NA,NA
2014,6,20,506S,10.00,NA,65,1,25,3,300,435
2014,6,24,506S,12.33,NA,54,0,22,1,300,1000
2014,6,26,506S,14.00,NA,48,3,15,0,300,945
2014,5,29,506S,26.00,NA,60,1,30,0,300,1225
2014,8,4,635S,16.33,NA,45,3,11,1,450,114
2014,8,20,635S,20.17,NA,67,0,30,0,120,311
2014,8,29,635S,24.83,NA,8,1,4,0,220,43
2014,7,1,635S,17.33,NA,23,2,13,1,600,62
2014,7,3,635S,18.00,NA,31,2,5,1,450,239
2014,7,7,635S,21.33,NA,10,1,3,2,600,21
2014,7,17,635S,2.67,NA,NA,NA,NA,NA,600,0
2014,7,21,635S,5.00,NA,0,0,1,0,600,4
2014,7,24,635S,7.83,NA,20,2,4,1,600,44
2014,7,28,635S,10.00,NA,53,3,14,0,600,70
2014,7,31,635S,14.33,NA,67,7,27,3,600,254
2014,6,2,635S,32.50,NA,76,5,16,1,300,615
2014,6,6,635S,35.17,NA,65,0,23,1,120,1865
2014,6,10,635S,35.17,NA,79,0,27,0,120,1710
2014,6,16,635S,2.33,NA,NA,NA,NA,NA,NA,NA
2014,6,20,635S,4.67,NA,68,3,20,1,450,615
2014,6,24,635S,11.00,NA,60,3,27,3,300,905
2014,6,26,635S,11.83,NA,46,5,19,2,300,1095
2014,5,29,635S,NA,NA,72,2,24,0,NA,NA
2014,6,16,NA,2.83,NA,55,4,36,1,NA,NA
2015,10,30,110,NA,NA,NA,NA,NA,NA,NA,NA
2015,9,4,110,NA,NA,NA,NA,NA,NA,NA,NA
2015,9,25,110,13.50,NA,75,2,19,2,500,56
2015,8,3,110,9.50,NA,64,12,15,2,600,82
2015,8,6,110,9.00,NA,59,7,25,1,600,285
2015,8,10,110,12.00,NA,65,14,15,6,200,335
2015,8,13,110,14.00,NA,48,5,37,3,300,645
2015,8,17,110,14.67,NA,53,12,19,3,150,560
2015,8,21,110,16.00,NA,73,6,18,2,150,265
2015,8,25,110,16.50,NA,65,9,20,4,150,310
2015,8,31,110,16.83,NA,51,13,22,10,150,180
2015,7,8,110,11.83,NA,22,10,6,5,600,109
2015,7,10,110,12.33,NA,38,31,11,11,600,99
2015,7,13,110,14.67,NA,63,18,9,6,600,67
2015,7,17,110,21.17,NA,38,8,21,6,600,113
2015,7,21,110,NA,NA,NA,NA,NA,NA,NA,NA
2015,7,23,110,NA,NA,NA,NA,NA,NA,NA,NA
2015,7,27,110,NA,NA,NA,NA,NA,NA,NA,NA
2015,7,30,110,NA,NA,NA,NA,NA,NA,NA,NA
2015,6,3,110,6.83,NA,70,4,15,0,300,375
2015,6,8,110,12.33,NA,21,10,7,5,150,490
2015,6,12,110,13.67,NA,40,11,5,3,150,1825
2015,6,16,110,18.33,NA,38,2,17,3,150,650
2015,6,19,110,18.00,NA,28,1,9,2,300,215
2015,6,23,110,20.33,NA,45,2,24,2,600,75
2015,6,29,110,NA,NA,NA,NA,NA,NA,NA,NA
2015,10,30,2110,21.67,NA,18,3,10,2,300,170
2015,9,4,2110,NA,NA,NA,NA,NA,NA,NA,NA
2015,9,25,2110,19.50,NA,71,4,23,1,500,82
2015,8,3,2110,NA,NA,NA,NA,NA,NA,NA,NA
2015,8,6,2110,NA,NA,NA,NA,NA,NA,NA,NA
2015,8,10,2110,13.00,NA,55,4,35,1,300,248
2015,8,13,2110,16.00,NA,68,3,19,4,150,410
2015,8,17,2110,17.83,NA,48,12,19,8,150,810
2015,8,21,2110,19.00,NA,44,14,26,5,150,410
2015,8,25,2110,21.83,NA,55,13,23,7,150,340
2015,8,31,2110,21.83,NA,14,19,15,11,150,370
2015,7,8,2110,14.83,NA,23,18,5,7,600,130
2015,7,10,2110,15.17,NA,28,30,14,6,600,131
2015,7,13,2110,19.33,NA,57,26,9,7,600,61
2015,7,17,2110,24.83,NA,46,4,13,3,600,62
2015,7,21,2110,26.50,NA,43,6,20,1,600,78
2015,7,23,2110,24.17,NA,47,8,20,4,600,108
2015,7,27,2110,29.67,NA,47,6,34,4,600,295
2015,7,30,2110,NA,NA,NA,NA,NA,NA,NA,NA
2015,6,3,2110,9.17,NA,78,0,20,0,300,560
2015,6,8,2110,15.67,NA,37,7,25,0,150,390
2015,6,12,2110,18.00,NA,33,4,19,3,150,1825
2015,6,16,2110,21.67,NA,11,6,3,3,150,1250
2015,6,19,2110,22.83,NA,21,4,14,1,300,445
2015,6,23,2110,28.00,NA,36,2,25,3,450,43
2015,6,29,2110,NA,NA,NA,NA,NA,NA,NA,NA
2015,10,30,291,20.50,NA,31,4,4,0,300,224
2015,9,4,291,NA,NA,NA,NA,NA,NA,NA,NA
2015,9,25,291,17.67,NA,57,6,24,6,300,140
2015,8,3,291,9.17,NA,50,3,22,1,600,475
2015,8,6,291,9.17,NA,56,6,31,2,375,1225
2015,8,10,291,15.17,NA,69,6,24,0,150,755
2015,8,13,291,16.83,NA,69,3,26,1,150,1160
2015,8,17,291,NA,NA,NA,NA,NA,NA,NA,NA
2015,8,21,291,19.00,NA,55,0,24,0,300,275
2015,8,26,291,22.17,NA,73,12,14,2,150,470
2015,8,31,291,21.17,NA,37,19,21,7,150,470
2015,7,8,291,NA,NA,NA,NA,NA,NA,NA,NA
2015,7,10,291,18.50,NA,45,14,12,3,600,67
2015,7,13,291,18.67,NA,59,1,27,1,600,47
2015,7,17,291,19.67,NA,71,4,22,0,600,82
2015,7,21,291,NA,NA,NA,NA,NA,NA,NA,NA
2015,7,23,291,NA,NA,NA,NA,NA,NA,NA,NA
2015,7,27,291,NA,NA,NA,NA,NA,NA,NA,NA
2015,7,30,291,NA,NA,NA,NA,NA,NA,NA,NA
2015,6,3,291,5.50,NA,68,2,16,0,300,485
2015,6,8,291,6.17,NA,35,9,17,2,200,1640
2015,6,12,291,8.17,NA,47,6,8,3,150,1825
2015,6,16,291,10.00,NA,46,8,18,1,150,1350
2015,6,19,291,12.00,NA,40,7,9,8,300,320
2015,6,23,291,11.67,NA,48,2,13,2,600,107
2015,6,29,291,22.00,NA,NA,NA,NA,NA,450,4
2015,10,30,300,15.83,NA,15,1,10,0,200,142
2015,9,4,300,NA,NA,NA,NA,NA,NA,NA,NA
2015,9,25,300,14.67,NA,80,2,15,3,300,121
2015,8,3,300,NA,NA,NA,NA,NA,NA,NA,NA
2015,8,6,300,NA,NA,NA,NA,NA,NA,NA,NA
2015,8,10,300,10.17,NA,62,1,29,0,500,114
2015,8,13,300,11.50,NA,61,3,32,0,600,455
2015,8,17,300,17.33,NA,50,3,10,4,300,335
2015,8,21,300,16.67,NA,58,17,17,5,150,410
2015,8,26,300,21.33,NA,43,12,27,8,150,680
2015,8,31,300,NA,NA,NA,NA,NA,NA,NA,NA
2015,7,8,300,10.50,NA,19,20,10,0,600,32
2015,7,10,300,11.33,NA,24,32,6,6,600,49
2015,7,13,300,13.33,NA,31,16,14,6,600,52
2015,7,17,300,15.50,NA,44,5,32,3,600,74
2015,7,21,300,22.17,NA,65,2,18,2,600,60
2015,7,23,300,23.83,NA,64,2,24,3,600,127
2015,7,27,300,24.17,NA,62,5,28,3,600,330
2015,7,30,300,NA,NA,NA,NA,NA,NA,NA,NA
2015,6,3,300,5.50,NA,70,0,35,1,300,380
2015,6,8,300,12.17,NA,37,11,19,7,150,1240
2015,6,12,300,13.83,NA,42,6,11,6,150,1410
2015,6,16,300,16.83,NA,43,15,14,4,150,2225
2015,6,19,300,18.50,NA,34,6,11,2,300,705
2015,6,23,300,22.00,NA,47,9,13,0,600,147
2015,6,29,300,NA,NA,NA,NA,NA,NA,NA,NA
2015,10,30,307,15.17,NA,23,2,7,4,200,147
2015,9,4,307,NA,NA,NA,NA,NA,NA,NA,NA
2015,9,25,307,14.67,NA,75,7,14,3,200,146
2015,8,3,307,NA,NA,NA,NA,NA,NA,NA,NA
2015,8,6,307,NA,NA,NA,NA,NA,NA,NA,NA
2015,8,10,307,NA,NA,NA,NA,NA,NA,NA,NA
2015,8,13,307,NA,NA,NA,NA,NA,NA,NA,NA
2015,8,17,307,12.50,NA,75,3,16,2,300,260
2015,8,21,307,14.33,NA,56,11,25,7,150,370
2015,8,26,307,19.33,NA,28,26,24,14,150,440
2015,8,31,307,17.83,NA,20,31,12,28,150,555
2015,7,8,307,10.17,NA,33,7,12,0,600,60
2015,7,10,307,10.50,NA,23,27,16,10,600,134
2015,7,13,307,12.50,NA,70,17,9,4,600,88
2015,7,17,307,15.67,NA,54,21,13,7,600,147
2015,7,21,307,21.83,NA,51,6,19,8,600,88
2015,7,23,307,22.00,NA,68,12,12,0,600,335
2015,7,27,307,23.00,NA,83,7,5,3,600,410
2015,7,30,307,25.00,NA,53,2,22,4,600,290
2015,6,3,307,6.83,NA,46,0,9,0,300,305
2015,6,8,307,11.67,NA,34,11,23,2,150,1075
2015,6,12,307,14.33,NA,22,16,11,10,150,975
2015,6,16,307,17.67,NA,32,12,11,5,150,960
2015,6,19,307,20.83,NA,37,9,9,2,300,310
2015,6,23,307,26.17,NA,43,7,33,1,600,147
2015,6,29,307,NA,NA,NA,NA,NA,NA,NA,NA
2015,10,30,348,21.17,NA,24,5,11,4,300,209
2015,9,4,348,NA,NA,NA,NA,NA,NA,NA,NA
2015,9,25,348,19.17,NA,75,5,17,3,500,158
2015,8,3,348,NA,NA,NA,NA,NA,NA,NA,NA
2015,8,6,348,NA,NA,NA,NA,NA,NA,NA,NA
2015,8,10,348,14.33,NA,64,7,20,4,300,725
2015,8,13,348,18.33,NA,62,5,25,2,150,855
2015,8,17,348,19.83,NA,62,11,21,5,150,2000
2015,8,21,348,22.83,NA,56,6,30,4,150,815
2015,8,25,348,23.00,NA,67,10,10,6,150,305
2015,8,31,348,23.83,NA,55,6,18,5,150,630
2015,7,8,348,13.33,NA,23,7,11,2,600,45
2015,7,10,348,12.50,NA,32,30,10,7,600,76
2015,7,13,348,16.83,NA,31,26,12,4,600,21
2015,7,17,348,20.33,NA,50,12,14,6,600,55
2015,7,21,348,21.67,NA,42,1,19,3,600,73
2015,7,23,348,24.67,NA,62,4,27,1,600,133
2015,7,27,348,24.83,NA,52,4,23,6,600,405
2015,7,30,348,NA,NA,NA,NA,NA,NA,NA,NA
2015,6,3,348,7.33,NA,71,0,16,0,300,1400
2015,6,8,348,14.50,NA,41,7,4,6,150,345
2015,6,12,348,17.83,NA,36,8,10,3,150,2200
2015,6,16,348,20.67,NA,24,1,17,1,150,2375
2015,6,19,348,24.83,NA,19,1,10,1,300,310
2015,6,23,348,27.33,NA,38,0,18,3,450,89
2015,6,29,348,NA,NA,NA,NA,NA,NA,NA,NA
2015,9,4,401,NA,NA,NA,NA,NA,NA,NA,NA
2015,9,25,401,NA,NA,NA,NA,NA,NA,NA,NA
2015,8,3,401,NA,NA,NA,NA,NA,NA,NA,NA
2015,8,6,401,NA,NA,NA,NA,NA,NA,NA,NA
2015,8,10,401,NA,NA,NA,NA,NA,NA,NA,NA
2015,8,13,401,NA,NA,NA,NA,NA,NA,NA,NA
2015,8,17,401,NA,NA,NA,NA,NA,NA,NA,NA
2015,8,21,401,NA,NA,NA,NA,NA,NA,NA,NA
2015,8,26,401,NA,NA,NA,NA,NA,NA,NA,NA
2015,8,31,401,NA,NA,NA,NA,NA,NA,NA,NA
2015,7,8,401,9.67,NA,30,5,5,0,600,24
2015,7,10,401,9.83,NA,31,27,12,17,600,59
2015,7,13,401,14.67,NA,37,15,19,6,600,104
2015,7,17,401,18.33,NA,54,11,22,6,600,147
2015,7,21,401,22.83,NA,65,7,17,5,600,114
2015,7,23,401,25.17,NA,48,9,15,5,600,375
2015,7,27,401,26.33,NA,38,4,19,3,600,530
2015,7,30,401,28.83,NA,46,5,28,0,600,410
2015,6,3,401,7.33,NA,62,0,31,1,300,225
2015,6,8,401,12.50,NA,37,13,18,8,150,545
2015,6,12,401,15.50,NA,45,20,10,7,150,380
2015,6,16,401,20.00,NA,24,29,21,5,150,1320
2015,6,19,401,21.33,NA,31,10,15,4,300,720
2015,6,23,401,25.83,NA,58,6,12,3,600,348
2015,6,29,401,NA,NA,NA,NA,NA,NA,NA,NA
2015,10,30,412,22.33,NA,27,2,7,3,300,93
2015,9,4,412,NA,NA,NA,NA,NA,NA,NA,NA
2015,9,25,412,19.00,NA,74,1,21,3,300,168
2015,8,3,412,NA,NA,NA,NA,NA,NA,NA,NA
2015,8,6,412,NA,NA,NA,NA,NA,NA,NA,NA
2015,8,10,412,12.50,NA,64,7,23,2,300,275
2015,8,13,412,16.67,NA,61,5,26,4,150,295
2015,8,17,412,19.67,NA,56,11,23,3,150,545
2015,8,21,412,20.50,NA,69,6,21,3,150,400
2015,8,25,412,24.17,NA,65,15,13,3,150,365
2015,8,31,412,NA,NA,NA,NA,NA,NA,NA,NA
2015,7,8,412,12.83,NA,28,16,11,0,600,40
2015,7,10,412,12.67,NA,32,35,11,9,600,62
2015,7,13,412,17.83,NA,49,33,5,8,600,50
2015,7,17,412,17.67,NA,51,6,23,10,600,57
2015,7,21,412,34.50,NA,54,8,25,3,600,73
2015,7,23,412,26.17,NA,47,7,17,5,600,145
2015,7,27,412,28.00,NA,47,7,37,2,600,375
2015,7,30,412,NA,NA,NA,NA,NA,NA,NA,NA
2015,6,3,412,8.50,NA,81,0,18,0,300,1030
2015,6,8,412,11.67,NA,33,10,26,4,150,2245
2015,6,12,412,13.83,NA,26,6,6,5,150,870
2015,6,16,412,18.00,NA,47,7,20,2,150,860
2015,6,19,412,21.67,NA,25,0,5,1,300,220
2015,6,23,412,24.17,NA,46,4,17,3,600,46
2015,6,29,412,NA,NA,NA,NA,NA,NA,NA,NA
2015,10,30,593,21.00,NA,30,5,10,2,300,83
2015,9,4,593,NA,NA,NA,NA,NA,NA,NA,NA
2015,9,25,593,18.50,NA,62,6,28,1,300,70
2015,8,3,593,NA,NA,NA,NA,NA,NA,NA,NA
2015,8,6,593,NA,NA,NA,NA,NA,NA,NA,NA
2015,8,10,593,12.50,NA,59,4,35,0,300,275
2015,8,13,593,17.33,NA,71,2,19,2,150,375
2015,8,17,593,19.83,NA,53,7,37,2,150,750
2015,8,21,593,22.67,NA,56,10,27,4,150,332
2015,8,25,593,25.67,NA,53,10,21,10,150,225
2015,8,31,593,24.83,NA,33,31,12,12,150,325
2015,7,8,593,15.17,NA,22,17,10,0,600,123
2015,7,10,593,16.50,NA,21,13,6,4,600,140
2015,7,13,593,20.00,NA,43,15,17,7,600,76
2015,7,17,593,26.17,NA,45,14,15,12,600,123
2015,7,21,593,28.17,NA,49,15,21,5,600,137
2015,7,23,593,30.67,NA,53,12,16,11,600,215
2015,7,27,593,30.00,NA,64,8,19,5,600,400
2015,7,30,593,NA,NA,NA,NA,NA,NA,NA,NA
2015,6,1,593,7.00,NA,65,0,10,0,300,203
2015,6,3,593,8.17,NA,64,2,20,0,300,275
2015,6,8,593,14.33,NA,46,11,12,4,150,2415
2015,6,12,593,15.67,NA,42,7,20,6,150,635
2015,6,16,593,19.17,NA,44,8,15,4,150,1325
2015,6,19,593,20.33,NA,22,2,10,5,300,500
2015,6,23,593,23.33,NA,54,5,17,0,600,130
2015,6,29,593,NA,NA,NA,NA,NA,NA,NA,NA
2015,10,30,680,NA,NA,NA,NA,NA,NA,NA,NA
2015,9,4,680,NA,NA,NA,NA,NA,NA,NA,NA
2015,9,25,680,15.83,NA,80,3,15,4,300,124
2015,8,3,680,9.33,NA,74,2,15,1,600,118
2015,8,6,680,11.00,NA,60,4,32,0,450,505
2015,8,10,680,12.83,NA,72,14,11,4,200,585
2015,8,13,680,14.00,NA,57,13,19,2,150,490
2015,8,17,680,17.67,NA,72,10,14,3,150,710
2015,8,21,680,17.50,NA,62,9,23,2,150,261
2015,8,25,680,21.00,NA,56,8,23,4,150,215
2015,8,31,680,20.50,NA,40,17,22,6,150,265
2015,7,8,680,10.67,NA,26,9,3,5,600,93
2015,7,10,680,14.00,NA,30,27,8,14,600,136
2015,7,13,680,14.17,NA,53,22,12,8,600,85
2015,7,17,680,18.33,NA,68,9,12,4,600,170
2015,7,21,680,21.67,NA,57,9,15,0,600,124
2015,7,23,680,NA,NA,NA,NA,NA,NA,NA,NA
2015,7,27,680,NA,NA,NA,NA,NA,NA,NA,NA
2015,7,30,680,NA,NA,NA,NA,NA,NA,NA,NA
2015,6,1,680,5.83,NA,24,0,5,0,300,67
2015,6,3,680,8.33,NA,72,0,15,0,300,375
2015,6,8,680,12.50,NA,40,10,29,5,200,1980
2015,6,12,680,14.00,NA,11,13,2,6,150,440
2015,6,16,680,18.67,NA,50,21,9,6,150,460
2015,6,19,680,18.17,NA,30,7,10,7,225,172
2015,6,23,680,25.00,NA,43,8,14,6,600,125
2015,6,29,680,NA,NA,NA,NA,NA,NA,NA,NA
2016,10,10,219,20.25,NA,11,0,8,0,300,21
2016,9,8,219,16.83,NA,69,6,18,2,600,181
2016,9,14,219,19.33,NA,NA,NA,NA,NA,NA,NA
2016,8,8,219,16.08,NA,64,3,20,3,150,485
2016,8,15,219,26.08,NA,27,1,24,2,150,186
2016,8,30,219,12.50,NA,13,1,2,1,600,52
2016,7,5,219,14.25,NA,12,0,6,0,600,35
2016,7,8,219,19.33,NA,63,3,26,3,600,41
2016,7,11,219,21.92,NA,47,1,24,0,600,76
2016,7,14,219,23.08,NA,60,0,15,0,600,110
2016,7,18,219,24.42,NA,56,2,39,0,450,664
2016,7,21,219,29.92,NA,67,1,25,2,225,651
2016,6,2,219,10.67,NA,NA,NA,NA,NA,150,817
2016,6,6,219,15.50,NA,50,19,15,7,300,605
2016,6,8,219,17.00,NA,54,8,14,5,150,679
2016,6,13,219,20.00,NA,14,36,6,24,600,511
2016,6,16,219,24.08,NA,9,6,4,3,600,8
2016,6,30,219,8.33,NA,NA,NA,NA,NA,600,7
2016,5,17,219,24.08,NA,69,5,17,0,300,1425
2016,5,31,219,8.17,NA,58,8,23,1,300,499
2016,10,10,246,18.00,NA,26,0,16,0,300,27
2016,9,8,246,8.83,NA,62,8,26,1,600,104
2016,9,26,246,16.17,NA,63,1,26,0,300,173
2016,8,1,246,22.17,NA,56,4,25,3,150,776
2016,8,4,246,20.25,NA,52,4,19,4,150,494
2016,8,8,246,22.92,NA,42,2,24,3,150,596
2016,7,5,246,14.33,NA,57,5,32,3,450,385
2016,7,8,246,19.25,NA,50,0,44,5,300,201
2016,7,21,246,11.00,NA,62,1,32,0,300,258
2016,7,26,246,16.83,NA,66,0,31,1,150,577
2016,7,28,246,18.33,NA,59,0,28,2,150,361
2016,6,6,246,NA,NA,NA,NA,NA,NA,NA,NA
2016,6,7,246,4.67,NA,NA,NA,NA,NA,NA,NA
2016,6,13,246,NA,NA,14,33,10,30,700,470
2016,6,17,246,9.50,NA,32,19,24,13,600,66
2016,6,20,246,10.67,NA,31,4,18,7,600,59
2016,6,23,246,11.17,NA,46,11,30,10,600,82
2016,6,27,246,12.42,NA,54,10,29,5,600,113
2016,6,30,246,14.50,NA,51,4,33,8,600,260
2016,8,1,291,13.58,NA,53,9,27,4,150,246
2016,8,4,291,15.25,NA,49,10,24,4,150,406
2016,8,15,291,21.67,NA,24,7,20,3,150,219
2016,8,30,291,10.33,NA,11,0,5,2,600,12
2016,7,5,291,8.00,NA,13,0,1,0,600,28
2016,7,8,291,13.33,NA,NA,NA,NA,NA,600,10
2016,7,11,291,19.00,NA,49,1,24,0,600,91
2016,7,14,291,20.00,NA,58,6,27,0,600,89
2016,7,18,291,20.75,NA,67,10,29,1,300,381
2016,6,2,291,11.33,NA,NA,NA,NA,NA,150,1503
2016,6,6,291,14.17,NA,59,3,29,2,300,322
2016,6,8,291,15.50,NA,46,9,21,4,150,823
2016,6,13,291,19.75,NA,28,6,10,2,600,160
2016,6,16,291,26.58,NA,13,1,9,1,600,19
2016,6,20,291,28.67,NA,27,8,9,5,600,26
2016,6,30,291,6.50,NA,NA,NA,NA,NA,600,0
2016,5,17,291,22.50,NA,69,3,26,1,300,1210
2016,5,31,291,9.00,NA,54,0,35,3,300,1065
2016,8,1,305,9.83,NA,45,1,17,0,150,232
2016,8,4,305,12.00,NA,58,4,25,2,150,429
2016,8,15,305,NA,NA,NA,NA,NA,NA,NA,NA
2016,8,30,305,9.83,NA,10,1,6,0,600,33
2016,7,5,305,12.25,NA,16,0,7,0,600,49
2016,7,8,305,14.50,NA,67,2,27,1,600,26
2016,7,11,305,18.50,NA,76,0,21,0,600,252
2016,7,14,305,20.58,NA,54,2,39,0,600,181
2016,7,18,305,21.42,NA,63,1,32,0,300,629
2016,6,2,305,8.83,NA,NA,NA,NA,NA,225,2435
2016,6,6,305,NA,NA,NA,NA,NA,NA,NA,NA
2016,6,8,305,14.92,NA,30,5,30,5,150,856
2016,6,13,305,20.75,NA,43,6,14,7,600,232
2016,6,16,305,24.25,NA,22,3,16,0,600,48
2016,6,20,305,26.83,NA,19,4,10,4,600,49
2016,6,30,305,16.25,NA,NA,NA,NA,NA,600,4
2016,5,17,305,22.33,NA,49,6,32,2,300,1265
2016,5,31,305,8.58,NA,NA,NA,NA,NA,NA,NA
2016,10,13,310,18.67,NA,NA,NA,NA,NA,600,4
2016,9,26,310,16.67,NA,51,2,30,1,300,177
2016,8,1,310,19.75,NA,60,2,31,1,150,1101
2016,8,4,310,19.92,NA,53,3,33,0,150,382
2016,8,15,310,NA,NA,NA,NA,NA,NA,NA,NA
2016,8,30,310,8.33,NA,23,1,7,1,600,64
2016,7,5,310,16.58,NA,43,6,32,6,300,445
2016,7,8,310,20.00,NA,50,4,42,3,300,333
2016,7,21,310,9.42,NA,50,3,38,5,300,187
2016,7,26,310,14.83,NA,55,2,37,0,150,536
2016,7,28,310,16.17,NA,65,8,34,1,150,424
2016,6,6,310,8.17,NA,NA,NA,NA,NA,NA,NA
2016,6,14,310,NA,NA,16,36,13,16,600,246
2016,6,17,310,12.42,NA,38,22,19,5,600,128
2016,6,20,310,10.92,NA,41,23,22,13,600,221
2016,6,23,310,12.17,NA,44,16,21,12,600,173
2016,6,27,310,12.58,NA,57,7,25,7,600,282
2016,6,30,310,14.33,NA,55,5,25,4,600,327
2016,10,10,349,19.92,NA,25,2,15,0,500,18
2016,9,6,349,16.50,NA,52,0,10,0,150,54
2016,9,8,349,16.00,NA,57,5,33,2,550,154
2016,9,14,349,17.17,NA,NA,NA,NA,NA,NA,NA
2016,8,1,349,12.17,NA,51,4,26,5,150,259
2016,8,8,349,20.83,NA,57,7,24,2,150,622
2016,8,15,349,25.17,NA,NA,NA,NA,NA,150,220
2016,8,30,349,9.92,NA,11,0,8,0,600,27
2016,7,5,349,11.58,NA,16,0,7,0,600,40
2016,7,8,349,16.58,NA,62,3,29,2,600,62
2016,7,11,349,16.00,NA,60,2,0,3,600,106
2016,7,14,349,21.42,NA,65,1,28,0,600,55
2016,7,18,349,23.75,NA,52,4,30,2,450,608
2016,6,2,349,11.33,NA,NA,NA,NA,NA,150,784
2016,6,6,349,14.83,NA,47,8,19,5,255,594
2016,6,8,349,16.92,NA,29,21,17,6,150,590
2016,6,13,349,NA,NA,12,40,6,18,375,433
2016,6,16,349,24.25,NA,17,7,13,4,600,45
2016,6,30,349,8.67,NA,NA,NA,NA,NA,600,3
2016,5,3,349,13.33,NA,49,22,6,1,600,65
2016,5,11,349,21.00,NA,NA,NA,NA,NA,NA,NA
2016,5,17,349,26.25,NA,52,5,30,5,300,508
2016,5,31,349,8.08,NA,61,3,26,2,300,579
2016,4,22,349,8.17,NA,NA,NA,NA,NA,600,152
2016,4,26,349,NA,NA,60,36,0,0,1200,207
2016,8,1,4110,18.17,NA,56,1,29,2,150,1811
2016,8,15,4110,NA,NA,NA,NA,NA,NA,NA,NA
2016,8,30,4110,8.17,NA,16,2,9,1,600,51
2016,7,5,4110,14.42,NA,44,3,37,3,600,285
2016,7,21,4110,12.08,NA,53,4,32,2,300,147
2016,7,26,4110,15.58,NA,49,4,42,0,150,493
2016,7,28,4110,16.25,NA,62,6,26,3,150,734
2016,6,7,4110,5.67,NA,NA,NA,NA,NA,NA,NA
2016,6,14,4110,7.25,NA,10,53,5,27,600,228
2016,6,17,4110,10.58,NA,27,22,7,11,600,54
2016,6,20,4110,9.92,NA,19,13,15,2,600,21
2016,6,23,4110,13.75,NA,22,8,16,4,600,50
2016,6,27,4110,15.33,NA,35,4,20,0,600,33
2016,6,30,4110,15.08,NA,49,2,23,1,600,81
2016,8,1,570,19.67,NA,60,1,32,1,150,580
2016,8,15,570,23.42,NA,16,1,6,0,250,61
2016,7,6,570,16.75,NA,60,2,29,1,600,84
2016,7,21,570,10.50,NA,64,6,21,1,300,227
2016,7,26,570,16.42,NA,46,8,35,2,150,384
2016,7,28,570,16.83,NA,59,3,34,2,150,341
2016,6,7,570,6.17,NA,NA,NA,NA,NA,NA,NA
2016,6,14,570,10.08,NA,8,45,7,9,600,59
2016,6,16,570,10.33,NA,24,21,16,16,600,11
2016,6,20,570,10.50,NA,24,3,8,4,600,21
2016,6,23,570,10.75,NA,31,15,14,3,600,36
2016,6,27,570,13.75,NA,14,1,5,1,600,25
2016,6,30,570,17.83,NA,64,9,23,3,600,90
2016,10,13,593,22.58,NA,NA,NA,NA,NA,600,14
2016,9,14,593,21.50,NA,NA,NA,NA,NA,NA,NA
2016,8,4,593,17.58,NA,48,3,29,0,150,299
2016,8,15,593,NA,NA,NA,NA,NA,NA,NA,NA
2016,8,31,593,13.42,NA,24,2,5,1,600,54
2016,7,6,593,18.33,NA,57,5,19,1,600,87
2016,7,11,593,26.83,NA,67,4,21,0,600,124
2016,7,14,593,25.58,NA,56,1,18,0,600,69
2016,7,28,593,13.50,NA,48,2,18,2,225,134
2016,6,2,593,13.00,NA,NA,NA,NA,NA,150,1067
2016,6,7,593,20.25,NA,NA,NA,NA,NA,NA,NA
2016,6,8,593,17.92,NA,47,5,28,4,150,356
2016,6,14,593,24.92,NA,46,8,21,7,600,51
2016,6,16,593,27.58,NA,19,6,14,3,600,10
2016,6,30,593,12.08,NA,18,2,4,1,600,14
2016,5,17,593,26.25,NA,61,4,25,2,300,508
2016,10,13,744,18.00,NA,NA,NA,NA,NA,600,10
2016,9,14,744,17.83,NA,NA,NA,NA,NA,400,530
2016,8,4,744,13.08,NA,39,8,14,7,150,205
2016,8,15,744,NA,NA,NA,NA,NA,NA,NA,NA
2016,8,31,744,12.00,NA,23,2,13,2,600,75
2016,7,6,744,13.83,NA,43,8,21,2,600,134
2016,7,11,744,20.83,NA,54,5,34,3,600,218
2016,7,14,744,19.92,NA,65,2,27,0,600,125
2016,6,2,744,8.67,NA,NA,NA,NA,NA,150,860
2016,6,7,744,13.92,NA,NA,NA,NA,NA,NA,NA
2016,6,8,744,11.92,NA,28,29,14,21,150,684
2016,6,14,744,NA,NA,16,17,9,12,700,260
2016,6,16,744,19.08,NA,42,7,21,7,600,34
2016,6,30,744,8.17,NA,19,1,9,0,600,24
2016,5,17,744,17.17,NA,57,9,24,3,300,208
2017,8,7,135,11.08333333,2,13,1,4,1,600,38
2017,8,10,135,10.41666667,2,37,4,5,0,600,84
2017,8,15,135,14.33333333,2,63,11,21,4,300,239
2017,8,17,135,14,2,69,6,20,3,300,148
2017,8,21,135,15.66666667,2,65,8,28,2,150,387
2017,8,24,135,14,2,64,2,33,0,60,433
2017,7,6,135,8.166666667,1,1,4,0,1,600,19
2017,7,10,135,11.25,1,5,0,0,0,600,9
2017,7,13,135,11,1,2,0,0,0,600,1
2017,7,24,135,7.083333333,2,NA,NA,NA,NA,600,0
2017,7,27,135,7.25,2,1,0,0,0,600,2
2017,7,31,135,8.333333333,2,0,0,0,0,600,1
2017,6,26,135,6.916666667,1,18,48,5,14,450,100
2017,6,29,135,9.166666667,1,16,61,3,15,600,84
2017,9,12,246,6.75,5,61,0,25,2,225,875
2017,9,21,246,9.083333333,5,78,5,6,1,90,1363
2017,9,25,246,10.5,5,36,0,11,1,60,189
2017,8,7,246,10.33333333,4,83,2,14,0,600,176
2017,8,10,246,14,4,74,0,26,0,600,423
2017,8,15,246,16,4,85,1,21,0,140,562
2017,8,17,246,16.33333333,4,91,1,8,0,300,353
2017,8,21,246,18.08333333,4,75,0,23,0,90,1329
2017,8,24,246,22.16666667,4,68,2,23,0,60,1095
2017,7,6,246,7.416666667,3,6,2,1,0,600,9
2017,7,10,246,9.75,3,9,3,2,0,600,24
2017,7,13,246,13.5,3,1,0,0,0,600,3
2017,7,17,246,19.41666667,3,2,0,1,0,600,4
2017,6,5,246,4.916666667,2,54,4,28,1,300,445
2017,6,8,246,5.083333333,2,73,3,17,1,150,725
2017,6,12,246,9.25,2,55,17,21,4,90,1961
2017,6,15,246,12.08333333,2,60,17,17,2,45,2225
2017,6,19,246,16.58333333,2,53,10,25,6,39,3670
2017,5,15,246,14.91666667,1,75,8,15,1,300,788
2017,5,22,246,23.91666667,1,63,12,20,2,225,2047
2017,5,25,246,23.41666667,1,59,9,23,1,180,3620
2017,9,14,310,7.416666667,5,56,0,25,2,175,433
2017,9,21,310,9.75,5,70,1,19,1,60,391
2017,9,26,310,11.33333333,5,16,0,7,0,260,72
2017,8,7,310,9.416666667,4,43,4,15,1,600,97
2017,8,10,310,11.25,4,75,4,17,0,450,312
2017,8,15,310,13.58333333,4,83,5,11,1,90,631
2017,8,21,310,20.08333333,4,76,3,20,0,45,2615
2017,8,24,310,18.5,4,80,3,16,0,40,945
2017,7,6,310,6.833333333,3,7,0,3,1,600,13
2017,7,10,310,10.16666667,3,16,3,8,1,600,58
2017,7,13,310,13.25,3,40,20,8,7,600,100
2017,7,17,310,16.75,3,3,1,2,0,600,16
2017,6,5,310,5.75,2,56,10,18,3,450,262
2017,6,8,310,8.333333333,2,56,16,15,5,150,660
2017,6,12,310,10.66666667,2,35,37,15,11,90,1175
2017,6,15,310,15.58333333,2,54,14,23,6,60,1345
2017,6,19,310,17.08333333,2,57,7,32,2,60,1830
2017,5,15,310,25.33333333,1,72,4,21,0,300,327
2017,5,22,310,26.66666667,1,58,9,30,1,300,793
2017,5,25,310,31.08333333,1,64,7,19,1,225,2500
2017,9,12,349,7.25,5,62,4,24,0,300,426
2017,9,19,349,10.58333333,5,64,11,20,5,90,1111
2017,9,25,349,15.66666667,5,19,2,14,1,135,181
2017,8,4,349,9.833333333,4,NA,NA,NA,NA,300,0
2017,8,7,349,10.91666667,4,19,0,4,0,600,36
2017,8,10,349,12.75,4,53,0,21,0,600,147
2017,8,15,349,11.66666667,4,81,0,19,0,300,411
2017,8,17,349,15.5,4,73,0,23,0,300,228
2017,8,21,349,19.33333333,4,74,2,19,0,140,1666
2017,8,24,349,16.58333333,4,56,2,41,0,60,585
2017,8,29,349,23.33333333,4,64,1,16,2,60,1210
2017,7,6,349,7.916666667,3,2,0,0,0,600,6
2017,7,10,349,11.41666667,3,8,2,0,1,600,18
2017,7,13,349,12.83333333,3,1,0,0,0,600,1
2017,7,17,349,17.58333333,3,2,0,1,0,600,6
2017,7,21,349,20.16666667,3,19,1,1,1,600,27
2017,6,5,349,8.333333333,2,66,3,21,1,300,437
2017,6,8,349,5.583333333,2,53,10,27,5,200,1375
2017,6,12,349,11,2,49,19,18,12,140,4645
2017,6,15,349,14.58333333,2,62,7,28,2,60,1815
2017,6,19,349,16.08333333,2,56,4,25,2,60,2260
2017,5,5,349,13.66666667,1,10,11,0,1,550,37
2017,5,15,349,20.91666667,1,71,4,24,1,300,316
2017,5,18,349,22.58333333,1,47,24,20,8,500,212
2017,5,22,349,21.58333333,1,50,19,19,5,300,564
2017,5,25,349,25.91666667,1,55,19,17,6,225,1008
2017,8,7,401,8.166666667,1,9,0,1,0,600,16
2017,8,10,401,7,1,5,0,0,0,300,7
2017,8,15,401,6.666666667,1,15,0,0,0,300,39
2017,8,21,401,10.91666667,1,84,0,10,0,150,325
2017,8,24,401,10.58333333,1,79,0,19,0,150,231
2017,7,3,401,13.33333333,1,NA,NA,NA,NA,600,19
2017,7,17,401,9.833333333,1,2,0,0,0,600,6
2017,7,24,401,12.16666667,1,NA,NA,NA,NA,600,0
2017,7,27,401,11.75,1,6,0,2,0,600,11
2017,6,29,401,13.25,1,27,6,12,1,600,113
2017,8,7,411,9.5,2,75,2,14,0,600,101
2017,8,10,411,12.41666667,2,56,0,3,0,600,90
2017,8,15,411,13.41666667,2,82,1,14,0,300,313
2017,8,21,411,20.66666667,2,75,1,16,0,150,635
2017,8,24,411,20.75,2,80,5,10,0,60,585
2017,7,6,411,6.416666667,1,12,3,1,0,600,22
2017,7,13,411,14.5,1,16,0,1,0,600,22
2017,7,17,411,16.25,1,75,13,10,2,600,62
2017,7,24,411,24.5,1,81,7,10,0,600,175
2017,9,14,593,10.33333333,5,72,10,11,2,175,312
2017,9,21,593,12.66666667,5,59,8,22,3,60,300
2017,9,26,593,14.58333333,5,27,5,2,0,200,79
2017,8,7,593,9.916666667,4,55,4,7,0,600,97
2017,8,10,593,11.66666667,4,82,2,14,0,600,236
2017,8,15,593,15.66666667,4,77,2,22,0,90,410
2017,8,21,593,21,4,67,3,25,0,60,722
2017,8,24,593,20.5,4,80,4,26,1,60,766
2017,7,6,593,7.583333333,3,1,0,0,0,600,2
2017,7,10,593,9.166666667,3,1,0,2,0,600,5
2017,7,13,593,15.83333333,3,1,0,2,0,600,7
2017,7,17,593,21.08333333,3,2,0,2,0,600,13
2017,6,5,593,5.833333333,2,62,10,19,0,300,441
2017,6,8,593,9.833333333,2,53,17,12,8,300,956
2017,6,12,593,13.66666667,2,55,28,9,2,90,1140
2017,6,15,593,16.08333333,2,60,7,28,2,60,1050
2017,5,15,593,22.5,1,61,13,20,3,300,158
2017,5,22,593,24,1,45,30,11,11,450,284
2017,5,25,593,24.41666667,1,65,18,13,4,300,837
2017,8,7,744,9.833333333,4,69,5,21,1,600,194
2017,8,10,744,11.08333333,4,75,2,22,1,600,298
2017,8,15,744,15.25,4,75,0,23,0,150,305
2017,7,6,744,4.75,3,12,0,3,1,600,16
2017,7,10,744,9.166666667,3,32,17,9,7,600,112
2017,7,13,744,13.91666667,3,1,0,0,0,600,2
2017,6,5,744,4.833333333,2,65,7,18,0,450,213
2017,6,8,744,8.333333333,2,62,5,13,1,300,579
2017,6,12,744,11.66666667,2,32,37,19,9,150,1065
2017,6,15,744,14.91666667,2,46,23,22,7,105,1027
2017,6,19,744,15.41666667,2,56,7,26,4,30,185
2017,5,15,744,20.25,1,67,12,18,1,300,511
2017,5,22,744,26.5,1,49,18,25,3,300,624
2017,9,14,349_Clover,7.75,1,8,9,14,16,500,117
2017,9,19,349_Clover,7.666666667,1,10,5,23,18,300,121
2017,9,25,349_Clover,9.25,1,4,0,6,3,300,51
2017,8,7,349_Clover,7.416666667,1,NA,NA,NA,NA,600,1
2017,8,10,349_Clover,9.583333333,1,NA,NA,NA,NA,600,0
2017,8,15,349_Clover,8.666666667,1,NA,NA,NA,NA,300,0
2017,8,17,349_Clover,10.58333333,1,NA,NA,NA,NA,300,2
2017,8,21,349_Clover,11.33333333,1,13,0,27,3,150,57
2017,8,24,349_Clover,10.16666667,1,25,3,10,0,150,51
2017,8,29,349_Clover,16,1,17,3,31,1,150,178
2017,7,3,349_Clover,6.416666667,1,0,0,1,0,600,2
2017,7,6,349_Clover,7.416666667,1,NA,NA,NA,NA,600,2
2017,7,10,349_Clover,10.25,1,NA,NA,NA,NA,600,3
2017,7,13,349_Clover,11.5,1,1,0,0,0,600,1
2017,7,17,349_Clover,12.75,1,0,0,1,0,600,0
2017,6,26,349_Clover,6.833333333,1,8,9,5,2,NA,NA
2017,8,7,506N,16.75,2,12,0,1,0,600,17
2017,8,10,506N,21.16666667,2,39,5,8,0,600,73
2017,8,15,506N,19.83333333,2,88,4,17,1,150,196
2017,8,21,506N,20,2,67,3,22,0,150,452
2017,8,24,506N,28.75,2,88,2,5,0,60,524
2017,7,3,506N,10.25,1,42,5,31,4,600,36
2017,7,6,506N,11.58333333,1,1,1,0,1,600,13
2017,7,10,506N,14.91666667,1,5,0,1,0,600,14
2017,7,13,506N,16.5,1,5,0,2,0,600,12
2017,7,24,506N,9.25,2,1,0,0,0,600,1
2017,7,27,506N,9,2,0,0,0,0,600,3
2017,7,31,506N,12.83333333,2,7,0,2,0,600,12
2017,6,26,506N,7.666666667,1,20,54,3,16,600,111
2017,6,29,506N,10.66666667,1,48,19,18,4,600,68
2017,5,30,N1902,28.58333333,1,53,6,16,3,300,318
2018,8,9,219,4.166666667,4,NA,NA,NA,NA,450,34
2018,8,13,219,12.41666667,4,62,10,22,0,450,143
2018,8,20,219,22,4,64,10,24,0,500,107
2018,8,23,219,21.33333333,4,64,0,18,1,500,128
2018,8,27,219,22.25,4,4,1,6,0,550,38
2018,8,30,219,18.83333333,4,62,2,10,1,300,160
2018,7,9,219,8.916666667,3,14,2,5,1,750,46
2018,7,12,219,10.75,3,33,0,8,1,800,70
2018,7,16,219,12.91666667,3,57,3,9,1,600,131
2018,7,19,219,15.08333333,3,64,13,16,2,600,247
2018,7,23,219,20.58333333,3,75,10,18,2,300,287
2018,7,26,219,23.91666667,3,48,6,13,2,450,93
2018,7,30,219,24,3,58,17,21,0,150,282
2018,6,4,219,9.583333333,2,10,0,2,0,750,32
2018,6,7,219,6.083333333,2,32,0,11,0,150,153
2018,6,11,219,8,2,75,0,18,0,60,275
2018,6,14,219,13.58333333,2,84,0,13,0,60,728
2018,6,18,219,18,2,75,0,20,0,60,1077
2018,6,25,219,23.58333333,2,80,0,22,0,60,1326
2018,6,28,219,25.08333333,2,57,0,16,0,60,2432
2018,5,18,219,15.25,1,10,0,2,0,500,17
2018,5,24,219,29.25,1,91,3,10,0,600,218
2018,8,9,246,5.5,4,NA,NA,NA,NA,450,36
2018,8,13,246,12,4,28,1,4,1,500,68
2018,8,20,246,21.83333333,4,69,6,21,0,400,188
2018,8,23,246,18.66666667,4,55,2,15,3,500,103
2018,8,27,246,18.41666667,4,33,0,13,0,600,100
2018,8,30,246,25.66666667,4,79,3,20,1,300,146
2018,7,9,246,8,3,78,6,13,2,600,244
2018,7,12,246,13.08333333,3,57,8,29,2,600,208
2018,7,16,246,15.66666667,3,78,1,20,2,600,395
2018,7,19,246,16.83333333,3,70,7,19,1,350,587
2018,7,23,246,21.41666667,3,65,7,23,1,300,461
2018,7,26,246,23.75,3,62,12,21,0,300,178
2018,7,30,246,24.83333333,3,53,14,20,6,105,270
2018,6,4,246,4.666666667,2,42,0,8,0,450,64
2018,6,7,246,10,2,83,0,12,0,300,326
2018,6,11,246,10.58333333,2,84,0,13,0,60,342
2018,6,14,246,9.5,2,78,0,19,0,60,835
2018,6,18,246,16.5,2,71,1,29,0,60,1070
2018,6,25,246,19.91666667,2,64,0,18,0,60,1735
2018,6,28,246,25.83333333,2,38,1,17,0,60,2570
2018,5,18,246,15.91666667,1,20,0,1,0,500,31
2018,5,24,246,19.66666667,1,92,3,13,0,600,230
2018,8,9,310,4.166666667,4,NA,NA,NA,NA,NA,NA
2018,8,13,310,12.41666667,4,55,15,25,4,450,152
2018,8,20,310,14,4,26,2,3,2,450,99
2018,8,23,310,18.75,4,77,2,22,1,500,196
2018,8,27,310,18.75,4,30,1,7,0,550,68
2018,8,30,310,21.75,4,44,2,25,2,300,126
2018,7,9,310,9.583333333,3,47,8,25,13,600,282
2018,7,12,310,11.5,3,71,9,14,1,600,215
2018,7,16,310,14.08333333,3,71,2,24,2,450,536
2018,7,19,310,18.25,3,74,4,24,0,300,447
2018,7,23,310,18.66666667,3,59,20,19,1,105,423
2018,7,26,310,22.5,3,53,16,28,2,90,443
2018,6,4,310,3.916666667,2,47,0,7,0,600,83
2018,6,7,310,7,2,75,0,17,0,225,251
2018,6,11,310,8.666666667,2,69,0,27,0,60,413
2018,6,14,310,9.833333333,2,72,0,30,0,60,978
2018,6,18,310,16.5,2,77,2,17,0,60,2118
2018,6,25,310,21.58333333,2,71,0,24,0,60,2329
2018,5,18,310,19.41666667,1,12,0,8,0,500,23
2018,5,24,310,26.58333333,1,72,0,28,1,600,257
2018,18,5,349,16,1,NA,NA,NA,NA,25,0
2018,8,9,349,7.5,4,28,3,14,1,450,47
2018,8,13,349,12.16666667,4,67,6,18,5,415,150
2018,8,20,349,16,4,16,0,11,0,500,39
2018,8,23,349,21.01666667,4,38,1,17,0,500,142
2018,8,27,349,21.25,4,7,0,3,1,550,18
2018,8,30,349,23.83333333,4,63,6,26,1,500,178
2018,7,9,349,12.41666667,3,51,4,10,3,450,123
2018,7,12,349,13.25,3,60,11,19,1,600,102
2018,7,16,349,17.41666667,3,65,9,20,1,600,155
2018,7,19,349,21.75,3,65,10,20,3,600,276
2018,7,23,349,24.58333333,3,59,12,21,1,300,308
2018,7,26,349,25.91666667,3,55,15,14,4,350,80
2018,7,30,349,22.25,3,52,19,20,8,150,190
2018,6,4,349,3.833333333,2,17,0,8,0,450,41
2018,6,7,349,7.166666667,2,73,0,21,0,300,210
2018,6,11,349,11.16666667,2,82,0,11,0,150,289
2018,6,14,349,14.66666667,2,75,0,24,0,60,523
2018,6,18,349,17.75,2,77,0,21,0,60,516
2018,6,25,349,23,2,79,0,13,0,60,1088
2018,5,18,349,18.2,1,NA,NA,NA,NA,225,2
2018,5,24,349,25.66666667,1,42,3,14,1,450,77
2018,8,9,506S,8.75,3,61,21,16,6,225,402
2018,8,13,506S,11.16666667,3,64,8,14,1,180,695
2018,8,16,506S,16.91666667,3,50,9,12,0,90,365
2018,8,20,506S,15.5,3,19,1,13,2,375,53
2018,8,23,506S,21.83333333,3,23,2,6,0,500,66
2018,8,27,506S,23.75,3,4,0,2,1,400,11
2018,8,30,506S,21.41666667,3,23,0,10,0,500,54
2018,7,5,506S,6.583333333,2,20,0,5,0,750,44
2018,7,9,506S,8.666666667,2,74,4,10,0,750,191
2018,7,12,506S,11.08333333,2,64,1,8,0,600,140
2018,7,16,506S,14.41666667,2,80,14,5,0,450,349
2018,7,23,506S,18.58333333,2,23,3,6,0,450,28
2018,7,26,506S,22.16666667,2,81,1,22,0,600,105
2018,6,4,506S,5,1,58,0,8,0,600,180
2018,6,11,506S,9.583333333,1,74,0,17,0,60,399
2018,6,14,506S,12.25,1,79,0,18,0,60,1328
2018,6,18,506S,8.833333333,1,78,0,17,0,60,1752
2018,6,25,506S,16.91666667,1,69,3,10,0,60,2264
2018,6,28,506S,18.16666667,1,35,0,15,0,60,2353
2018,8,9,576N,5.083333333,3,77,5,15,0,300,271
2018,8,13,576N,10.33333333,3,77,3,19,0,300,329
2018,8,20,576N,14.41666667,3,33,1,13,0,450,52
2018,8,23,576N,15.91666667,3,35,4,11,0,500,97
2018,8,27,576N,18.75,3,17,1,6,0,500,39
2018,8,30,576N,19,3,20,3,3,0,500,85
2018,7,5,576N,6.833333333,2,20,0,3,0,850,42
2018,7,9,576N,8.75,2,72,12,12,2,600,170
2018,7,12,576N,9.583333333,2,47,4,8,1,600,119
2018,7,16,576N,12,2,78,7,14,0,600,358
2018,7,19,576N,13.83333333,2,78,9,12,2,200,519
2018,7,23,576N,16.41666667,2,60,18,18,4,105,634
2018,7,26,576N,14.91666667,2,44,37,12,3,105,439
2018,6,4,576N,6.083333333,1,71,1,3,0,600,147
2018,6,7,576N,12.33333333,1,75,0,11,0,105,439
2018,6,11,576N,8.916666667,1,73,1,23,0,60,247
2018,6,14,576N,15.16666667,1,74,0,27,0,60,1687
2018,6,18,576N,16.41666667,1,79,0,18,2,60,1532
2018,6,25,576N,18,1,47,0,12,0,60,1152
2018,6,28,576N,22.5,1,55,0,18,0,60,2092
2019,9,11,2110,16.08333333,3,18,26,6,2,210,124
2019,8,1,2110,20.33333333,2,58,6,6,1,300,128
2019,8,5,2110,23,2,NA,NA,NA,NA,NA,NA
2019,8,12,2110,24.16666667,2,30,5,2,0,120,219
2019,8,19,2110,23.16666667,2,80,14,17,2,90,341
2019,8,29,2110,5.5,3,26,5,0,1,500,128
2019,7,1,2110,13.41666667,1,49,11,5,3,150,253
2019,7,3,2110,17.25,1,NA,NA,NA,NA,NA,NA
2019,7,8,2110,19.83333333,1,29,10,5,0,375,72
2019,7,22,2110,12.33333333,2,NA,NA,NA,NA,450,7
2019,7,25,2110,12.83333333,2,28,0,3,2,600,45
2019,7,29,2110,17.91666667,2,NA,NA,NA,NA,NA,NA
2019,6,17,2110,5.583333333,1,74,3,22,1,180,627
2019,6,20,2110,9.666666667,1,70,2,26,3,60,592
2019,6,26,2110,12.66666667,1,70,11,15,2,21,993
2019,9,11,246,19.66666667,4,12,6,3,1,160,74
2019,8,1,246,18.91666667,3,71,10,17,2,600,209
2019,8,16,246,6.833333333,4,46,5,6,3,600,86
2019,8,19,246,9.083333333,4,56,12,23,8,150,372
2019,8,22,246,9.166666667,4,51,11,15,6,60,332
2019,8,27,246,12.16666667,4,21,1,8,0,60,288
2019,8,29,246,13.66666667,4,24,8,7,1,150,345
2019,7,1,246,20.25,2,29,8,8,2,60,129
2019,7,3,246,24.75,2,NA,NA,NA,NA,NA,NA
2019,7,15,246,6.75,3,NA,NA,NA,NA,450,2
2019,7,22,246,11.33333333,3,NA,NA,NA,NA,600,24
2019,7,25,246,13.66666667,3,8,1,0,0,600,46
2019,7,29,246,16.25,3,NA,NA,NA,NA,NA,NA
2019,6,13,246,8.666666667,2,11,0,2,0,450,38
2019,6,17,246,8.416666667,2,74,5,20,0,180,388
2019,6,20,246,13,2,73,7,25,3,60,332
2019,6,26,246,18.41666667,2,56,12,18,1,45,564
2019,5,20,246,14.75,1,NA,NA,NA,NA,NA,NA
2019,5,23,246,14.66666667,1,22,0,2,0,375,28
2019,5,28,246,21.16666667,1,NA,NA,NA,NA,NA,NA
2019,5,30,246,21.66666667,1,72,4,18,0,300,499
2019,9,11,408,12.16666667,2,26,14,6,5,210,121
2019,8,1,408,17.75,1,80,0,21,0,200,387
2019,8,12,408,24.33333333,1,30,5,2,0,40,655
2019,8,19,408,26.58333333,1,93,0,3,0,26,524
2019,7,1,408,9.916666667,1,38,33,8,7,60,378
2019,7,3,408,14,1,NA,NA,NA,NA,NA,NA
2019,7,8,408,14,1,54,15,15,8,600,316
2019,7,22,408,9.25,1,NA,NA,NA,NA,600,15
2019,7,25,408,11.83333333,1,39,8,13,1,600,108
2019,7,29,408,17.5,1,NA,NA,NA,NA,NA,NA
2019,6,20,408,6.416666667,1,70,12,20,2,105,563
2019,6,26,408,10.16666667,1,63,16,18,5,45,940
2019,9,11,506S,21.58333333,4,32,7,9,6,235,98
2019,8,1,506S,20.16666667,3,72,4,23,1,400,372
2019,8,5,506S,23.16666667,3,NA,NA,NA,NA,NA,NA
2019,8,16,506S,5.583333333,4,57,10,9,0,600,78
2019,8,19,506S,9.083333333,4,71,11,16,2,120,365
2019,8,22,506S,11,4,21,6,5,2,60,276
2019,8,27,506S,17.25,4,49,15,6,13,60,421
2019,8,29,506S,13.83333333,4,35,2,6,0,150,188
2019,7,1,506S,23.16666667,2,60,2,9,0,180,282
2019,7,3,506S,24.75,2,35,0,13,0,225,85
2019,7,15,506S,9.916666667,3,NA,NA,NA,NA,450,23
2019,7,22,506S,13.5,3,NA,NA,NA,NA,375,34
2019,7,25,506S,15.08333333,3,NA,NA,NA,NA,600,24
2019,7,29,506S,22.75,3,NA,NA,NA,NA,NA,NA
2019,6,3,506S,29.08333333,1,64,9,17,5,60,560
2019,6,13,506S,7.75,2,63,2,11,0,450,151
2019,6,17,506S,9.916666667,2,89,2,12,1,105,869
2019,6,20,506S,13.91666667,2,73,4,17,5,60,909
2019,6,26,506S,22.16666667,2,72,4,9,1,30,691
2019,5,20,506S,14.91666667,1,NA,NA,NA,NA,NA,NA
2019,5,23,506S,17.91666667,1,27,0,3,0,300,55
2019,5,28,506S,22.66666667,1,NA,NA,NA,NA,NA,NA
2019,5,30,506S,23.58333333,1,63,17,6,2,105,577
2019,9,11,576N,21.58333333,4,51,11,6,0,235,149
2019,8,1,576N,20.58333333,3,71,2,27,0,500,212
2019,8,16,576N,6.083333333,4,63,1,15,0,600,110
2019,8,19,576N,9.166666667,4,60,12,24,4,120,359
2019,8,22,576N,11.41666667,4,21,10,4,0,60,304
2019,8,27,576N,15.33333333,4,57,12,25,3,60,410
2019,8,29,576N,13.83333333,4,31,9,4,3,200,223
2019,7,1,576N,17.5,2,60,2,25,1,225,184
2019,7,15,576N,9.666666667,3,NA,NA,NA,NA,600,15
2019,7,22,576N,12.66666667,3,NA,NA,NA,NA,225,18
2019,7,25,576N,16.16666667,3,NA,NA,NA,NA,600,19
2019,7,29,576N,19.25,3,NA,NA,NA,NA,NA,NA
2019,6,3,576N,28.33333333,1,55,7,28,5,60,225
2019,6,13,576N,7.083333333,2,27,6,3,0,450,185
2019,6,17,576N,10.58333333,2,53,4,5,0,60,420
2019,6,20,576N,11.91666667,2,66,4,20,3,30,449
2019,6,26,576N,19.08333333,2,68,9,20,4,60,761
2019,5,20,576N,15.66666667,1,NA,NA,NA,NA,NA,NA
2019,5,23,576N,21.16666667,1,52,1,9,0,450,82
2019,5,28,576N,21.41666667,1,NA,NA,NA,NA,NA,NA
2019,5,30,576N,24.41666667,1,44,17,12,2,105,262
