wasp.var,delta,prop.delta,converge,peak.resistant1,peak.resistant2,peak.resistant3,trough.resistant1,trough.resistant2,trough.resistant3,peak.susceptible1,peak.susceptible2,peak.susceptible3,trough.susceptible1,trough.susceptible2,trough.susceptible3,peak.wasps1,peak.wasps2,peak.wasps3,trough.wasps1,trough.wasps2,trough.wasps3,peak.prop1,peak.prop2,trough.prop1,trough.prop2,peak.prop1.int,peak.prop2.int,trough.prop1.int,trough.prop2.int,mean.sd,sd.sd
0,0.006737946999085467,NA,NA,NA,NA,NA,NA,NA,NA,NA,NA,NA,NA,NA,NA,NA,NA,NA,NA,NA,NA,0,0,0,0,0,0,0,0,NA,NA
0,0.011108996538242306,NA,NA,NA,NA,NA,NA,NA,NA,NA,NA,NA,NA,NA,NA,NA,NA,NA,NA,NA,NA,0,0,0,0,0,0,0,0,NA,NA
0,0.01831563888873418,NA,NA,NA,NA,NA,NA,NA,NA,NA,NA,NA,NA,NA,NA,NA,NA,NA,NA,NA,NA,0,0,0,0,0,0,0,0,NA,NA
0,0.0301973834223185,NA,NA,NA,NA,NA,NA,NA,NA,NA,NA,NA,NA,NA,NA,NA,NA,NA,NA,NA,NA,0,0,0,0,0,0,0,0,NA,NA
0,0.04978706836786394,NA,NA,NA,NA,NA,NA,NA,NA,NA,NA,NA,NA,NA,NA,NA,NA,NA,NA,NA,NA,0,0,0,0,0,0,0,0,NA,NA
0,0.0820849986238988,NA,NA,NA,NA,NA,NA,NA,NA,NA,NA,NA,NA,NA,NA,NA,NA,NA,NA,NA,NA,0,0,0,0,0,0,0,0,NA,NA
0,0.1353352832366127,NA,NA,NA,NA,NA,NA,NA,NA,NA,NA,NA,NA,NA,NA,NA,NA,NA,NA,NA,NA,0,0,0,0,0,0,0,0,NA,NA
0,0.22313016014842985,NA,NA,NA,NA,NA,NA,NA,NA,NA,NA,NA,NA,NA,NA,NA,NA,NA,NA,NA,NA,0,0,0,0,0,0,0,0,NA,NA
0,0.36787944117144233,NA,NA,NA,NA,NA,NA,NA,NA,NA,NA,NA,NA,NA,NA,NA,NA,NA,NA,NA,NA,0,0,0,0,0,0,0,0,NA,NA
0,0.6065306597126334,NA,NA,NA,NA,NA,NA,NA,NA,NA,NA,NA,NA,NA,NA,NA,NA,NA,NA,NA,NA,0,0,0,0,0,0,0,0,NA,NA
0,1,NA,NA,NA,NA,NA,NA,NA,NA,NA,NA,NA,NA,NA,NA,NA,NA,NA,NA,NA,NA,0,0,0,0,0,0,0,0,NA,NA
0,1.6487212707001282,NA,NA,NA,NA,NA,NA,NA,NA,NA,NA,NA,NA,NA,NA,NA,NA,NA,NA,NA,NA,0,0,0,0,0,0,0,0,NA,NA
0,2.718281828459045,NA,NA,NA,NA,NA,NA,NA,NA,NA,NA,NA,NA,NA,NA,NA,NA,NA,NA,NA,NA,0,0,0,0,0,0,0,0,NA,NA
0,4.4816890703380645,NA,NA,NA,NA,NA,NA,NA,NA,NA,NA,NA,NA,NA,NA,NA,NA,NA,NA,NA,NA,0,0,0,0,0,0,0,0,NA,NA
0,7.38905609893065,NA,NA,NA,NA,NA,NA,NA,NA,NA,NA,NA,NA,NA,NA,NA,NA,NA,NA,NA,NA,0,0,0,0,0,0,0,0,NA,NA
0,12.182493960703471,NA,NA,NA,NA,NA,NA,NA,NA,NA,NA,NA,NA,NA,NA,NA,NA,NA,NA,NA,NA,0,0,0,0,0,0,0,0,NA,NA
0,20.085536923187668,NA,NA,NA,NA,NA,NA,NA,NA,NA,NA,NA,NA,NA,NA,NA,NA,NA,NA,NA,NA,0,0,0,0,0,0,0,0,NA,NA
0,33.11545195869231,NA,NA,NA,NA,NA,NA,NA,NA,NA,NA,NA,NA,NA,NA,NA,NA,NA,NA,NA,NA,0,0,0,0,0,0,0,0,NA,NA
0,54.59815003314424,NA,NA,NA,NA,NA,NA,NA,NA,NA,NA,NA,NA,NA,NA,NA,NA,NA,NA,NA,NA,0,0,0,0,0,0,0,0,NA,NA
0,90.01713130052181,NA,NA,NA,NA,NA,NA,NA,NA,NA,NA,NA,NA,NA,NA,NA,NA,NA,NA,NA,NA,0,0,0,0,0,0,0,0,NA,NA
0,148.4131591025766,NA,NA,NA,NA,NA,NA,NA,NA,NA,NA,NA,NA,NA,NA,NA,NA,NA,NA,NA,NA,0,0,0,0,0,0,0,0,NA,NA
0.1,0.006737946999085467,NA,NA,NA,NA,NA,NA,NA,NA,NA,NA,NA,NA,NA,NA,NA,NA,NA,NA,NA,NA,0,0,0,0,0,0,0,0,NA,NA
0.1,0.011108996538242306,NA,NA,NA,NA,NA,NA,NA,NA,NA,NA,NA,NA,NA,NA,NA,NA,NA,NA,NA,NA,0,0,0,0,0,0,0,0,NA,NA
0.1,0.01831563888873418,NA,NA,NA,NA,NA,NA,NA,NA,NA,NA,NA,NA,NA,NA,NA,NA,NA,NA,NA,NA,0,0,0,0,0,0,0,0,NA,NA
0.1,0.0301973834223185,NA,NA,NA,NA,NA,NA,NA,NA,NA,NA,NA,NA,NA,NA,NA,NA,NA,NA,NA,NA,0,0,0,0,0,0,0,0,NA,NA
0.1,0.04978706836786394,NA,NA,NA,NA,NA,NA,NA,NA,NA,NA,NA,NA,NA,NA,NA,NA,NA,NA,NA,NA,0,0,0,0,0,0,0,0,NA,NA
0.1,0.0820849986238988,NA,NA,NA,NA,NA,NA,NA,NA,NA,NA,NA,NA,NA,NA,NA,NA,NA,NA,NA,NA,0,0,0,0,0,0,0,0,NA,NA
0.1,0.1353352832366127,NA,NA,NA,NA,NA,NA,NA,NA,NA,NA,NA,NA,NA,NA,NA,NA,NA,NA,NA,NA,0,0,0,0,0,0,0,0,NA,NA
0.1,0.22313016014842985,NA,NA,NA,NA,NA,NA,NA,NA,NA,NA,NA,NA,NA,NA,NA,NA,NA,NA,NA,NA,0,0,0,0,0,0,0,0,NA,NA
0.1,0.36787944117144233,NA,NA,NA,NA,NA,NA,NA,NA,NA,NA,NA,NA,NA,NA,NA,NA,NA,NA,NA,NA,0,0,0,0,0,0,0,0,NA,NA
0.1,0.6065306597126334,NA,NA,NA,NA,NA,NA,NA,NA,NA,NA,NA,NA,NA,NA,NA,NA,NA,NA,NA,NA,0,0,0,0,0,0,0,0,NA,NA
0.1,1,NA,NA,NA,NA,NA,NA,NA,NA,NA,NA,NA,NA,NA,NA,NA,NA,NA,NA,NA,NA,0,0,0,0,0,0,0,0,NA,NA
0.1,1.6487212707001282,NA,NA,NA,NA,NA,NA,NA,NA,NA,NA,NA,NA,NA,NA,NA,NA,NA,NA,NA,NA,0,0,0,0,0,0,0,0,NA,NA
0.1,2.718281828459045,NA,NA,NA,NA,NA,NA,NA,NA,NA,NA,NA,NA,NA,NA,NA,NA,NA,NA,NA,NA,0,0,0,0,0,0,0,0,NA,NA
0.1,4.4816890703380645,NA,NA,NA,NA,NA,NA,NA,NA,NA,NA,NA,NA,NA,NA,NA,NA,NA,NA,NA,NA,0,0,0,0,0,0,0,0,NA,NA
0.1,7.38905609893065,NA,NA,NA,NA,NA,NA,NA,NA,NA,NA,NA,NA,NA,NA,NA,NA,NA,NA,NA,NA,0,0,0,0,0,0,0,0,NA,NA
0.1,12.182493960703471,NA,NA,NA,NA,NA,NA,NA,NA,NA,NA,NA,NA,NA,NA,NA,NA,NA,NA,NA,NA,0,0,0,0,0,0,0,0,NA,NA
0.1,20.085536923187668,NA,NA,NA,NA,NA,NA,NA,NA,NA,NA,NA,NA,NA,NA,NA,NA,NA,NA,NA,NA,0,0,0,0,0,0,0,0,NA,NA
0.1,33.11545195869231,NA,NA,NA,NA,NA,NA,NA,NA,NA,NA,NA,NA,NA,NA,NA,NA,NA,NA,NA,NA,0,0,0,0,0,0,0,0,NA,NA
0.1,54.59815003314424,NA,NA,NA,NA,NA,NA,NA,NA,NA,NA,NA,NA,NA,NA,NA,NA,NA,NA,NA,NA,0,0,0,0,0,0,0,0,NA,NA
0.1,90.01713130052181,NA,NA,NA,NA,NA,NA,NA,NA,NA,NA,NA,NA,NA,NA,NA,NA,NA,NA,NA,NA,0,0,0,0,0,0,0,0,NA,NA
0.1,148.4131591025766,NA,NA,NA,NA,NA,NA,NA,NA,NA,NA,NA,NA,NA,NA,NA,NA,NA,NA,NA,NA,0,0,0,0,0,0,0,0,NA,NA
0.2,0.006737946999085467,NA,NA,NA,NA,NA,NA,NA,NA,NA,NA,NA,NA,NA,NA,NA,NA,NA,NA,NA,NA,0,0,0,0,0,0,0,0,NA,NA
0.2,0.011108996538242306,NA,NA,NA,NA,NA,NA,NA,NA,NA,NA,NA,NA,NA,NA,NA,NA,NA,NA,NA,NA,0,0,0,0,0,0,0,0,NA,NA
0.2,0.01831563888873418,NA,NA,NA,NA,NA,NA,NA,NA,NA,NA,NA,NA,NA,NA,NA,NA,NA,NA,NA,NA,0,0,0,0,0,0,0,0,NA,NA
0.2,0.0301973834223185,NA,NA,NA,NA,NA,NA,NA,NA,NA,NA,NA,NA,NA,NA,NA,NA,NA,NA,NA,NA,0,0,0,0,0,0,0,0,NA,NA
0.2,0.04978706836786394,NA,NA,NA,NA,NA,NA,NA,NA,NA,NA,NA,NA,NA,NA,NA,NA,NA,NA,NA,NA,0,0,0,0,0,0,0,0,NA,NA
0.2,0.0820849986238988,NA,NA,NA,NA,NA,NA,NA,NA,NA,NA,NA,NA,NA,NA,NA,NA,NA,NA,NA,NA,0,0,0,0,0,0,0,0,NA,NA
0.2,0.1353352832366127,NA,NA,NA,NA,NA,NA,NA,NA,NA,NA,NA,NA,NA,NA,NA,NA,NA,NA,NA,NA,0,0,0,0,0,0,0,0,NA,NA
0.2,0.22313016014842985,NA,NA,NA,NA,NA,NA,NA,NA,NA,NA,NA,NA,NA,NA,NA,NA,NA,NA,NA,NA,0,0,0,0,0,0,0,0,NA,NA
0.2,0.36787944117144233,NA,NA,NA,NA,NA,NA,NA,NA,NA,NA,NA,NA,NA,NA,NA,NA,NA,NA,NA,NA,0,0,0,0,0,0,0,0,NA,NA
0.2,0.6065306597126334,NA,NA,NA,NA,NA,NA,NA,NA,NA,NA,NA,NA,NA,NA,NA,NA,NA,NA,NA,NA,0,0,0,0,0,0,0,0,NA,NA
0.2,1,NA,NA,NA,NA,NA,NA,NA,NA,NA,NA,NA,NA,NA,NA,NA,NA,NA,NA,NA,NA,0,0,0,0,0,0,0,0,NA,NA
0.2,1.6487212707001282,NA,NA,NA,NA,NA,NA,NA,NA,NA,NA,NA,NA,NA,NA,NA,NA,NA,NA,NA,NA,0,0,0,0,0,0,0,0,NA,NA
0.2,2.718281828459045,NA,NA,NA,NA,NA,NA,NA,NA,NA,NA,NA,NA,NA,NA,NA,NA,NA,NA,NA,NA,0,0,0,0,0,0,0,0,NA,NA
0.2,4.4816890703380645,NA,NA,NA,NA,NA,NA,NA,NA,NA,NA,NA,NA,NA,NA,NA,NA,NA,NA,NA,NA,0,0,0,0,0,0,0,0,NA,NA
0.2,7.38905609893065,NA,NA,NA,NA,NA,NA,NA,NA,NA,NA,NA,NA,NA,NA,NA,NA,NA,NA,NA,NA,0,0,0,0,0,0,0,0,NA,NA
0.2,12.182493960703471,NA,NA,NA,NA,NA,NA,NA,NA,NA,NA,NA,NA,NA,NA,NA,NA,NA,NA,NA,NA,0,0,0,0,0,0,0,0,NA,NA
0.2,20.085536923187668,NA,NA,NA,NA,NA,NA,NA,NA,NA,NA,NA,NA,NA,NA,NA,NA,NA,NA,NA,NA,0,0,0,0,0,0,0,0,NA,NA
0.2,33.11545195869231,NA,NA,NA,NA,NA,NA,NA,NA,NA,NA,NA,NA,NA,NA,NA,NA,NA,NA,NA,NA,0,0,0,0,0,0,0,0,NA,NA
0.2,54.59815003314424,NA,NA,NA,NA,NA,NA,NA,NA,NA,NA,NA,NA,NA,NA,NA,NA,NA,NA,NA,NA,0,0,0,0,0,0,0,0,NA,NA
0.2,90.01713130052181,NA,NA,NA,NA,NA,NA,NA,NA,NA,NA,NA,NA,NA,NA,NA,NA,NA,NA,NA,NA,0,0,0,0,0,0,0,0,NA,NA
0.2,148.4131591025766,NA,NA,NA,NA,NA,NA,NA,NA,NA,NA,NA,NA,NA,NA,NA,NA,NA,NA,NA,NA,0,0,0,0,0,0,0,0,NA,NA
0.30000000000000004,0.006737946999085467,NA,NA,NA,NA,NA,NA,NA,NA,NA,NA,NA,NA,NA,NA,NA,NA,NA,NA,NA,NA,0,0,0,0,0,0,0,0,NA,NA
0.30000000000000004,0.011108996538242306,NA,NA,NA,NA,NA,NA,NA,NA,NA,NA,NA,NA,NA,NA,NA,NA,NA,NA,NA,NA,0,0,0,0,0,0,0,0,NA,NA
0.30000000000000004,0.01831563888873418,NA,NA,NA,NA,NA,NA,NA,NA,NA,NA,NA,NA,NA,NA,NA,NA,NA,NA,NA,NA,0,0,0,0,0,0,0,0,NA,NA
0.30000000000000004,0.0301973834223185,NA,NA,NA,NA,NA,NA,NA,NA,NA,NA,NA,NA,NA,NA,NA,NA,NA,NA,NA,NA,0,0,0,0,0,0,0,0,NA,NA
0.30000000000000004,0.04978706836786394,NA,NA,NA,NA,NA,NA,NA,NA,NA,NA,NA,NA,NA,NA,NA,NA,NA,NA,NA,NA,0,0,0,0,0,0,0,0,NA,NA
0.30000000000000004,0.0820849986238988,NA,NA,NA,NA,NA,NA,NA,NA,NA,NA,NA,NA,NA,NA,NA,NA,NA,NA,NA,NA,0,0,0,0,0,0,0,0,NA,NA
0.30000000000000004,0.1353352832366127,NA,NA,NA,NA,NA,NA,NA,NA,NA,NA,NA,NA,NA,NA,NA,NA,NA,NA,NA,NA,0,0,0,0,0,0,0,0,NA,NA
0.30000000000000004,0.22313016014842985,NA,NA,NA,NA,NA,NA,NA,NA,NA,NA,NA,NA,NA,NA,NA,NA,NA,NA,NA,NA,0,0,0,0,0,0,0,0,NA,NA
0.30000000000000004,0.36787944117144233,NA,NA,NA,NA,NA,NA,NA,NA,NA,NA,NA,NA,NA,NA,NA,NA,NA,NA,NA,NA,0,0,0,0,0,0,0,0,NA,NA
0.30000000000000004,0.6065306597126334,NA,NA,NA,NA,NA,NA,NA,NA,NA,NA,NA,NA,NA,NA,NA,NA,NA,NA,NA,NA,0,0,0,0,0,0,0,0,NA,NA
0.30000000000000004,1,NA,NA,NA,NA,NA,NA,NA,NA,NA,NA,NA,NA,NA,NA,NA,NA,NA,NA,NA,NA,0,0,0,0,0,0,0,0,NA,NA
0.30000000000000004,1.6487212707001282,NA,NA,NA,NA,NA,NA,NA,NA,NA,NA,NA,NA,NA,NA,NA,NA,NA,NA,NA,NA,0,0,0,0,0,0,0,0,NA,NA
0.30000000000000004,2.718281828459045,NA,NA,NA,NA,NA,NA,NA,NA,NA,NA,NA,NA,NA,NA,NA,NA,NA,NA,NA,NA,0,0,0,0,0,0,0,0,NA,NA
0.30000000000000004,4.4816890703380645,NA,NA,NA,NA,NA,NA,NA,NA,NA,NA,NA,NA,NA,NA,NA,NA,NA,NA,NA,NA,0,0,0,0,0,0,0,0,NA,NA
0.30000000000000004,7.38905609893065,NA,NA,NA,NA,NA,NA,NA,NA,NA,NA,NA,NA,NA,NA,NA,NA,NA,NA,NA,NA,0,0,0,0,0,0,0,0,NA,NA
0.30000000000000004,12.182493960703471,NA,NA,NA,NA,NA,NA,NA,NA,NA,NA,NA,NA,NA,NA,NA,NA,NA,NA,NA,NA,0,0,0,0,0,0,0,0,NA,NA
0.30000000000000004,20.085536923187668,NA,NA,NA,NA,NA,NA,NA,NA,NA,NA,NA,NA,NA,NA,NA,NA,NA,NA,NA,NA,0,0,0,0,0,0,0,0,NA,NA
0.30000000000000004,33.11545195869231,NA,NA,NA,NA,NA,NA,NA,NA,NA,NA,NA,NA,NA,NA,NA,NA,NA,NA,NA,NA,0,0,0,0,0,0,0,0,NA,NA
0.30000000000000004,54.59815003314424,NA,NA,NA,NA,NA,NA,NA,NA,NA,NA,NA,NA,NA,NA,NA,NA,NA,NA,NA,NA,0,0,0,0,0,0,0,0,NA,NA
0.30000000000000004,90.01713130052181,NA,NA,NA,NA,NA,NA,NA,NA,NA,NA,NA,NA,NA,NA,NA,NA,NA,NA,NA,NA,0,0,0,0,0,0,0,0,NA,NA
0.30000000000000004,148.4131591025766,NA,NA,NA,NA,NA,NA,NA,NA,NA,NA,NA,NA,NA,NA,NA,NA,NA,NA,NA,NA,0,0,0,0,0,0,0,0,NA,NA
0.4,0.006737946999085467,NA,NA,NA,NA,NA,NA,NA,NA,NA,NA,NA,NA,NA,NA,NA,NA,NA,NA,NA,NA,0,0,0,0,0,0,0,0,NA,NA
0.4,0.011108996538242306,NA,NA,NA,NA,NA,NA,NA,NA,NA,NA,NA,NA,NA,NA,NA,NA,NA,NA,NA,NA,0,0,0,0,0,0,0,0,NA,NA
0.4,0.01831563888873418,NA,NA,NA,NA,NA,NA,NA,NA,NA,NA,NA,NA,NA,NA,NA,NA,NA,NA,NA,NA,0,0,0,0,0,0,0,0,NA,NA
0.4,0.0301973834223185,NA,NA,NA,NA,NA,NA,NA,NA,NA,NA,NA,NA,NA,NA,NA,NA,NA,NA,NA,NA,0,0,0,0,0,0,0,0,NA,NA
0.4,0.04978706836786394,NA,NA,NA,NA,NA,NA,NA,NA,NA,NA,NA,NA,NA,NA,NA,NA,NA,NA,NA,NA,0,0,0,0,0,0,0,0,NA,NA
0.4,0.0820849986238988,NA,NA,NA,NA,NA,NA,NA,NA,NA,NA,NA,NA,NA,NA,NA,NA,NA,NA,NA,NA,0,0,0,0,0,0,0,0,NA,NA
0.4,0.1353352832366127,NA,NA,NA,NA,NA,NA,NA,NA,NA,NA,NA,NA,NA,NA,NA,NA,NA,NA,NA,NA,0,0,0,0,0,0,0,0,NA,NA
0.4,0.22313016014842985,NA,NA,NA,NA,NA,NA,NA,NA,NA,NA,NA,NA,NA,NA,NA,NA,NA,NA,NA,NA,0,0,0,0,0,0,0,0,NA,NA
0.4,0.36787944117144233,NA,NA,NA,NA,NA,NA,NA,NA,NA,NA,NA,NA,NA,NA,NA,NA,NA,NA,NA,NA,0,0,0,0,0,0,0,0,NA,NA
0.4,0.6065306597126334,NA,NA,NA,NA,NA,NA,NA,NA,NA,NA,NA,NA,NA,NA,NA,NA,NA,NA,NA,NA,0,0,0,0,0,0,0,0,NA,NA
0.4,1,NA,NA,NA,NA,NA,NA,NA,NA,NA,NA,NA,NA,NA,NA,NA,NA,NA,NA,NA,NA,0,0,0,0,0,0,0,0,NA,NA
0.4,1.6487212707001282,NA,NA,NA,NA,NA,NA,NA,NA,NA,NA,NA,NA,NA,NA,NA,NA,NA,NA,NA,NA,0,0,0,0,0,0,0,0,NA,NA
0.4,2.718281828459045,NA,NA,NA,NA,NA,NA,NA,NA,NA,NA,NA,NA,NA,NA,NA,NA,NA,NA,NA,NA,0,0,0,0,0,0,0,0,NA,NA
0.4,4.4816890703380645,NA,NA,NA,NA,NA,NA,NA,NA,NA,NA,NA,NA,NA,NA,NA,NA,NA,NA,NA,NA,0,0,0,0,0,0,0,0,NA,NA
0.4,7.38905609893065,NA,NA,NA,NA,NA,NA,NA,NA,NA,NA,NA,NA,NA,NA,NA,NA,NA,NA,NA,NA,0,0,0,0,0,0,0,0,NA,NA
0.4,12.182493960703471,NA,NA,NA,NA,NA,NA,NA,NA,NA,NA,NA,NA,NA,NA,NA,NA,NA,NA,NA,NA,0,0,0,0,0,0,0,0,NA,NA
0.4,20.085536923187668,NA,NA,NA,NA,NA,NA,NA,NA,NA,NA,NA,NA,NA,NA,NA,NA,NA,NA,NA,NA,0,0,0,0,0,0,0,0,NA,NA
0.4,33.11545195869231,NA,NA,NA,NA,NA,NA,NA,NA,NA,NA,NA,NA,NA,NA,NA,NA,NA,NA,NA,NA,0,0,0,0,0,0,0,0,NA,NA
0.4,54.59815003314424,NA,NA,NA,NA,NA,NA,NA,NA,NA,NA,NA,NA,NA,NA,NA,NA,NA,NA,NA,NA,0,0,0,0,0,0,0,0,NA,NA
0.4,90.01713130052181,NA,NA,NA,NA,NA,NA,NA,NA,NA,NA,NA,NA,NA,NA,NA,NA,NA,NA,NA,NA,0,0,0,0,0,0,0,0,NA,NA
0.4,148.4131591025766,NA,NA,NA,NA,NA,NA,NA,NA,NA,NA,NA,NA,NA,NA,NA,NA,NA,NA,NA,NA,0,0,0,0,0,0,0,0,NA,NA
0.5,0.006737946999085467,NA,NA,NA,NA,NA,NA,NA,NA,NA,NA,NA,NA,NA,NA,NA,NA,NA,NA,NA,NA,0,0,0,0,0,0,0,0,NA,NA
0.5,0.011108996538242306,NA,NA,NA,NA,NA,NA,NA,NA,NA,NA,NA,NA,NA,NA,NA,NA,NA,NA,NA,NA,0,0,0,0,0,0,0,0,NA,NA
0.5,0.01831563888873418,NA,NA,NA,NA,NA,NA,NA,NA,NA,NA,NA,NA,NA,NA,NA,NA,NA,NA,NA,NA,0,0,0,0,0,0,0,0,NA,NA
0.5,0.0301973834223185,NA,NA,NA,NA,NA,NA,NA,NA,NA,NA,NA,NA,NA,NA,NA,NA,NA,NA,NA,NA,0,0,0,0,0,0,0,0,NA,NA
0.5,0.04978706836786394,NA,NA,NA,NA,NA,NA,NA,NA,NA,NA,NA,NA,NA,NA,NA,NA,NA,NA,NA,NA,0,0,0,0,0,0,0,0,NA,NA
0.5,0.0820849986238988,NA,NA,NA,NA,NA,NA,NA,NA,NA,NA,NA,NA,NA,NA,NA,NA,NA,NA,NA,NA,0,0,0,0,0,0,0,0,NA,NA
0.5,0.1353352832366127,NA,NA,NA,NA,NA,NA,NA,NA,NA,NA,NA,NA,NA,NA,NA,NA,NA,NA,NA,NA,0,0,0,0,0,0,0,0,NA,NA
0.5,0.22313016014842985,NA,NA,NA,NA,NA,NA,NA,NA,NA,NA,NA,NA,NA,NA,NA,NA,NA,NA,NA,NA,0,0,0,0,0,0,0,0,NA,NA
0.5,0.36787944117144233,NA,NA,NA,NA,NA,NA,NA,NA,NA,NA,NA,NA,NA,NA,NA,NA,NA,NA,NA,NA,0,0,0,0,0,0,0,0,NA,NA
0.5,0.6065306597126334,NA,NA,NA,NA,NA,NA,NA,NA,NA,NA,NA,NA,NA,NA,NA,NA,NA,NA,NA,NA,0,0,0,0,0,0,0,0,NA,NA
0.5,1,NA,NA,NA,NA,NA,NA,NA,NA,NA,NA,NA,NA,NA,NA,NA,NA,NA,NA,NA,NA,0,0,0,0,0,0,0,0,NA,NA
0.5,1.6487212707001282,NA,NA,NA,NA,NA,NA,NA,NA,NA,NA,NA,NA,NA,NA,NA,NA,NA,NA,NA,NA,0,0,0,0,0,0,0,0,NA,NA
0.5,2.718281828459045,NA,NA,NA,NA,NA,NA,NA,NA,NA,NA,NA,NA,NA,NA,NA,NA,NA,NA,NA,NA,0,0,0,0,0,0,0,0,NA,NA
0.5,4.4816890703380645,NA,NA,NA,NA,NA,NA,NA,NA,NA,NA,NA,NA,NA,NA,NA,NA,NA,NA,NA,NA,0,0,0,0,0,0,0,0,NA,NA
0.5,7.38905609893065,NA,NA,NA,NA,NA,NA,NA,NA,NA,NA,NA,NA,NA,NA,NA,NA,NA,NA,NA,NA,0,0,0,0,0,0,0,0,NA,NA
0.5,12.182493960703471,NA,NA,NA,NA,NA,NA,NA,NA,NA,NA,NA,NA,NA,NA,NA,NA,NA,NA,NA,NA,0,0,0,0,0,0,0,0,NA,NA
0.5,20.085536923187668,NA,NA,NA,NA,NA,NA,NA,NA,NA,NA,NA,NA,NA,NA,NA,NA,NA,NA,NA,NA,0,0,0,0,0,0,0,0,NA,NA
0.5,33.11545195869231,NA,NA,NA,NA,NA,NA,NA,NA,NA,NA,NA,NA,NA,NA,NA,NA,NA,NA,NA,NA,0,0,0,0,0,0,0,0,NA,NA
0.5,54.59815003314424,NA,NA,NA,NA,NA,NA,NA,NA,NA,NA,NA,NA,NA,NA,NA,NA,NA,NA,NA,NA,0,0,0,0,0,0,0,0,NA,NA
0.5,90.01713130052181,NA,NA,NA,NA,NA,NA,NA,NA,NA,NA,NA,NA,NA,NA,NA,NA,NA,NA,NA,NA,0,0,0,0,0,0,0,0,NA,NA
0.5,148.4131591025766,NA,NA,NA,NA,NA,NA,NA,NA,NA,NA,NA,NA,NA,NA,NA,NA,NA,NA,NA,NA,0,0,0,0,0,0,0,0,NA,NA
0.6000000000000001,0.006737946999085467,NA,NA,NA,NA,NA,NA,NA,NA,NA,NA,NA,NA,NA,NA,NA,NA,NA,NA,NA,NA,0,0,0,0,0,0,0,0,NA,NA
0.6000000000000001,0.011108996538242306,NA,NA,NA,NA,NA,NA,NA,NA,NA,NA,NA,NA,NA,NA,NA,NA,NA,NA,NA,NA,0,0,0,0,0,0,0,0,NA,NA
0.6000000000000001,0.01831563888873418,NA,NA,NA,NA,NA,NA,NA,NA,NA,NA,NA,NA,NA,NA,NA,NA,NA,NA,NA,NA,0,0,0,0,0,0,0,0,NA,NA
0.6000000000000001,0.0301973834223185,NA,NA,NA,NA,NA,NA,NA,NA,NA,NA,NA,NA,NA,NA,NA,NA,NA,NA,NA,NA,0,0,0,0,0,0,0,0,NA,NA
0.6000000000000001,0.04978706836786394,NA,NA,NA,NA,NA,NA,NA,NA,NA,NA,NA,NA,NA,NA,NA,NA,NA,NA,NA,NA,0,0,0,0,0,0,0,0,NA,NA
0.6000000000000001,0.0820849986238988,NA,NA,NA,NA,NA,NA,NA,NA,NA,NA,NA,NA,NA,NA,NA,NA,NA,NA,NA,NA,0,0,0,0,0,0,0,0,NA,NA
0.6000000000000001,0.1353352832366127,NA,NA,NA,NA,NA,NA,NA,NA,NA,NA,NA,NA,NA,NA,NA,NA,NA,NA,NA,NA,0,0,0,0,0,0,0,0,NA,NA
0.6000000000000001,0.22313016014842985,NA,NA,NA,NA,NA,NA,NA,NA,NA,NA,NA,NA,NA,NA,NA,NA,NA,NA,NA,NA,0,0,0,0,0,0,0,0,NA,NA
0.6000000000000001,0.36787944117144233,NA,NA,NA,NA,NA,NA,NA,NA,NA,NA,NA,NA,NA,NA,NA,NA,NA,NA,NA,NA,0,0,0,0,0,0,0,0,NA,NA
0.6000000000000001,0.6065306597126334,NA,NA,NA,NA,NA,NA,NA,NA,NA,NA,NA,NA,NA,NA,NA,NA,NA,NA,NA,NA,0,0,0,0,0,0,0,0,NA,NA
0.6000000000000001,1,NA,NA,NA,NA,NA,NA,NA,NA,NA,NA,NA,NA,NA,NA,NA,NA,NA,NA,NA,NA,0,0,0,0,0,0,0,0,NA,NA
0.6000000000000001,1.6487212707001282,NA,NA,NA,NA,NA,NA,NA,NA,NA,NA,NA,NA,NA,NA,NA,NA,NA,NA,NA,NA,0,0,0,0,0,0,0,0,NA,NA
0.6000000000000001,2.718281828459045,NA,NA,NA,NA,NA,NA,NA,NA,NA,NA,NA,NA,NA,NA,NA,NA,NA,NA,NA,NA,0,0,0,0,0,0,0,0,NA,NA
0.6000000000000001,4.4816890703380645,NA,NA,NA,NA,NA,NA,NA,NA,NA,NA,NA,NA,NA,NA,NA,NA,NA,NA,NA,NA,0,0,0,0,0,0,0,0,NA,NA
0.6000000000000001,7.38905609893065,NA,NA,NA,NA,NA,NA,NA,NA,NA,NA,NA,NA,NA,NA,NA,NA,NA,NA,NA,NA,0,0,0,0,0,0,0,0,NA,NA
0.6000000000000001,12.182493960703471,NA,NA,NA,NA,NA,NA,NA,NA,NA,NA,NA,NA,NA,NA,NA,NA,NA,NA,NA,NA,0,0,0,0,0,0,0,0,NA,NA
0.6000000000000001,20.085536923187668,NA,NA,NA,NA,NA,NA,NA,NA,NA,NA,NA,NA,NA,NA,NA,NA,NA,NA,NA,NA,0,0,0,0,0,0,0,0,NA,NA
0.6000000000000001,33.11545195869231,NA,NA,NA,NA,NA,NA,NA,NA,NA,NA,NA,NA,NA,NA,NA,NA,NA,NA,NA,NA,0,0,0,0,0,0,0,0,NA,NA
0.6000000000000001,54.59815003314424,NA,NA,NA,NA,NA,NA,NA,NA,NA,NA,NA,NA,NA,NA,NA,NA,NA,NA,NA,NA,0,0,0,0,0,0,0,0,NA,NA
0.6000000000000001,90.01713130052181,NA,NA,NA,NA,NA,NA,NA,NA,NA,NA,NA,NA,NA,NA,NA,NA,NA,NA,NA,NA,0,0,0,0,0,0,0,0,NA,NA
0.6000000000000001,148.4131591025766,NA,NA,NA,NA,NA,NA,NA,NA,NA,NA,NA,NA,NA,NA,NA,NA,NA,NA,NA,NA,0,0,0,0,0,0,0,0,NA,NA
0.7000000000000001,0.006737946999085467,NA,NA,NA,NA,NA,NA,NA,NA,NA,NA,NA,NA,NA,NA,NA,NA,NA,NA,NA,NA,0.9960738199913036,0.9621141939490032,0.3176095123902877,0.02692554555517658,0.9954522899607604,0.93787943149592,0.3635220675508524,0.03749507159438472,0.9455366354576916,0.21189821915522825
0.7000000000000001,0.011108996538242306,NA,NA,NA,NA,NA,NA,NA,NA,NA,NA,NA,NA,NA,NA,NA,NA,NA,NA,NA,NA,0.9960738199913036,0.9621141939490032,0.3176095123902877,0.02692554555517658,0.9954522899607604,0.93787943149592,0.3635220675508524,0.03749507159438472,0.9455366354576916,0.21189821915522825
0.7000000000000001,0.01831563888873418,NA,NA,NA,NA,NA,NA,NA,NA,NA,NA,NA,NA,NA,NA,NA,NA,NA,NA,NA,NA,0.9960738199913036,0.9621141939490032,0.3176095123902877,0.02692554555517658,0.9954522899607604,0.93787943149592,0.3635220675508524,0.03749507159438472,0.9455366354576916,0.21189821915522825
0.7000000000000001,0.0301973834223185,NA,NA,NA,NA,NA,NA,NA,NA,NA,NA,NA,NA,NA,NA,NA,NA,NA,NA,NA,NA,0.9960738199913036,0.9621141939490032,0.3176095123902877,0.02692554555517658,0.9954522899607604,0.93787943149592,0.3635220675508524,0.03749507159438472,0.9455366354576916,0.21189821915522825
0.7000000000000001,0.04978706836786394,NA,NA,NA,NA,NA,NA,NA,NA,NA,NA,NA,NA,NA,NA,NA,NA,NA,NA,NA,NA,0.9960738199913036,0.9621141939490032,0.3176095123902877,0.02692554555517658,0.9954522899607604,0.93787943149592,0.3635220675508524,0.03749507159438472,0.9455366354576916,0.21189821915522825
0.7000000000000001,0.0820849986238988,NA,NA,NA,NA,NA,NA,NA,NA,NA,NA,NA,NA,NA,NA,NA,NA,NA,NA,NA,NA,0.9960738199913036,0.9621141939490032,0.3176095123902877,0.02692554555517658,0.9954522899607604,0.93787943149592,0.3635220675508524,0.03749507159438472,0.9455366354576916,0.21189821915522825
0.7000000000000001,0.1353352832366127,NA,NA,NA,NA,NA,NA,NA,NA,NA,NA,NA,NA,NA,NA,NA,NA,NA,NA,NA,NA,0.9960738199913036,0.9621141939490032,0.3176095123902877,0.02692554555517658,0.9954522899607604,0.93787943149592,0.3635220675508524,0.03749507159438472,0.9455366354576916,0.21189821915522825
0.7000000000000001,0.22313016014842985,NA,NA,NA,NA,NA,NA,NA,NA,NA,NA,NA,NA,NA,NA,NA,NA,NA,NA,NA,NA,0.9960738199913036,0.9621141939490032,0.3176095123902877,0.02692554555517658,0.9954522899607604,0.93787943149592,0.3635220675508524,0.03749507159438472,0.9455366354576916,0.21189821915522825
0.7000000000000001,0.36787944117144233,NA,NA,NA,NA,NA,NA,NA,NA,NA,NA,NA,NA,NA,NA,NA,NA,NA,NA,NA,NA,0.9960738199913036,0.9621141939490032,0.3176095123902877,0.02692554555517658,0.9954522899607604,0.93787943149592,0.3635220675508524,0.03749507159438472,0.9455366354576916,0.21189821915522825
0.7000000000000001,0.6065306597126334,NA,NA,NA,NA,NA,NA,NA,NA,NA,NA,NA,NA,NA,NA,NA,NA,NA,NA,NA,NA,0.9960738199913036,0.9621141939490032,0.3176095123902877,0.02692554555517658,0.9954522899607604,0.93787943149592,0.3635220675508524,0.03749507159438472,0.9455366354576916,0.21189821915522825
0.7000000000000001,1,NA,NA,NA,NA,NA,NA,NA,NA,NA,NA,NA,NA,NA,NA,NA,NA,NA,NA,NA,NA,0.9960738199913036,0.9621141939490032,0.3176095123902877,0.02692554555517658,0.9954522899607604,0.93787943149592,0.3635220675508524,0.03749507159438472,0.9455366354576916,0.21189821915522825
0.7000000000000001,1.6487212707001282,NA,NA,NA,NA,NA,NA,NA,NA,NA,NA,NA,NA,NA,NA,NA,NA,NA,NA,NA,NA,0.9960738199913036,0.9621141939490032,0.3176095123902877,0.02692554555517658,0.9954522899607604,0.93787943149592,0.3635220675508524,0.03749507159438472,0.9455366354576916,0.21189821915522825
0.7000000000000001,2.718281828459045,NA,NA,NA,NA,NA,NA,NA,NA,NA,NA,NA,NA,NA,NA,NA,NA,NA,NA,NA,NA,0.9960738199913036,0.9621141939490032,0.3176095123902877,0.02692554555517658,0.9954522899607604,0.93787943149592,0.3635220675508524,0.03749507159438472,0.9455366354576916,0.21189821915522825
0.7000000000000001,4.4816890703380645,NA,NA,NA,NA,NA,NA,NA,NA,NA,NA,NA,NA,NA,NA,NA,NA,NA,NA,NA,NA,0.9960738199913036,0.9621141939490032,0.3176095123902877,0.02692554555517658,0.9954522899607604,0.93787943149592,0.3635220675508524,0.03749507159438472,0.9455366354576916,0.21189821915522825
0.7000000000000001,7.38905609893065,NA,NA,NA,NA,NA,NA,NA,NA,NA,NA,NA,NA,NA,NA,NA,NA,NA,NA,NA,NA,0.9960738199913036,0.9621141939490032,0.3176095123902877,0.02692554555517658,0.9954522899607604,0.93787943149592,0.3635220675508524,0.03749507159438472,0.9455366354576916,0.21189821915522825
0.7000000000000001,12.182493960703471,NA,NA,NA,NA,NA,NA,NA,NA,NA,NA,NA,NA,NA,NA,NA,NA,NA,NA,NA,NA,0.9960738199913036,0.9621141939490032,0.3176095123902877,0.02692554555517658,0.9954522899607604,0.93787943149592,0.3635220675508524,0.03749507159438472,0.9455366354576916,0.21189821915522825
0.7000000000000001,20.085536923187668,NA,NA,NA,NA,NA,NA,NA,NA,NA,NA,NA,NA,NA,NA,NA,NA,NA,NA,NA,NA,0.9960738199913036,0.9621141939490032,0.3176095123902877,0.02692554555517658,0.9954522899607604,0.93787943149592,0.3635220675508524,0.03749507159438472,0.9455366354576916,0.21189821915522825
0.7000000000000001,33.11545195869231,NA,NA,NA,NA,NA,NA,NA,NA,NA,NA,NA,NA,NA,NA,NA,NA,NA,NA,NA,NA,0.9960738199913036,0.9621141939490032,0.3176095123902877,0.02692554555517658,0.9954522899607604,0.93787943149592,0.3635220675508524,0.03749507159438472,0.9455366354576916,0.21189821915522825
0.7000000000000001,54.59815003314424,NA,NA,NA,NA,NA,NA,NA,NA,NA,NA,NA,NA,NA,NA,NA,NA,NA,NA,NA,NA,0.9960738199913036,0.9621141939490032,0.3176095123902877,0.02692554555517658,0.9954522899607604,0.93787943149592,0.3635220675508524,0.03749507159438472,0.9455366354576916,0.21189821915522825
0.7000000000000001,90.01713130052181,NA,NA,NA,NA,NA,NA,NA,NA,NA,NA,NA,NA,NA,NA,NA,NA,NA,NA,NA,NA,0.9960738199913036,0.9621141939490032,0.3176095123902877,0.02692554555517658,0.9954522899607604,0.93787943149592,0.3635220675508524,0.03749507159438472,0.9455366354576916,0.21189821915522825
0.7000000000000001,148.4131591025766,NA,NA,NA,NA,NA,NA,NA,NA,NA,NA,NA,NA,NA,NA,NA,NA,NA,NA,NA,NA,0.9960738199913036,0.9621141939490032,0.3176095123902877,0.02692554555517658,0.9954522899607604,0.93787943149592,0.3635220675508524,0.03749507159438472,0.9455366354576916,0.21189821915522825
0.8,0.006737946999085467,NA,NA,NA,NA,NA,NA,NA,NA,NA,NA,NA,NA,NA,NA,NA,NA,NA,NA,NA,NA,0.9873632980243698,0.9309909857048074,0.5209386895320425,0.1047102725642967,0.9873632980243698,0.8647398511332526,0.5343227060658493,0.1173926662056911,0.9195748252245112,0.1513948551388799
0.8,0.011108996538242306,NA,NA,NA,NA,NA,NA,NA,NA,NA,NA,NA,NA,NA,NA,NA,NA,NA,NA,NA,NA,0.9873632980243698,0.9309909857048074,0.5209386895320425,0.1047102725642967,0.9873632980243698,0.8647398511332526,0.5343227060658493,0.1173926662056911,0.9195748252245112,0.1513948551388799
0.8,0.01831563888873418,NA,NA,NA,NA,NA,NA,NA,NA,NA,NA,NA,NA,NA,NA,NA,NA,NA,NA,NA,NA,0.9873632980243698,0.9309909857048074,0.5209386895320425,0.1047102725642967,0.9873632980243698,0.8647398511332526,0.5343227060658493,0.1173926662056911,0.9195748252245112,0.1513948551388799
0.8,0.0301973834223185,NA,NA,NA,NA,NA,NA,NA,NA,NA,NA,NA,NA,NA,NA,NA,NA,NA,NA,NA,NA,0.9873632980243698,0.9309909857048074,0.5209386895320425,0.1047102725642967,0.9873632980243698,0.8647398511332526,0.5343227060658493,0.1173926662056911,0.9195748252245112,0.1513948551388799
0.8,0.04978706836786394,NA,NA,NA,NA,NA,NA,NA,NA,NA,NA,NA,NA,NA,NA,NA,NA,NA,NA,NA,NA,0.9873632980243698,0.9309909857048074,0.5209386895320425,0.1047102725642967,0.9873632980243698,0.8647398511332526,0.5343227060658493,0.1173926662056911,0.9195748252245112,0.1513948551388799
0.8,0.0820849986238988,NA,NA,NA,NA,NA,NA,NA,NA,NA,NA,NA,NA,NA,NA,NA,NA,NA,NA,NA,NA,0.9873632980243698,0.9309909857048074,0.5209386895320425,0.1047102725642967,0.9873632980243698,0.8647398511332526,0.5343227060658493,0.1173926662056911,0.9195748252245112,0.1513948551388799
0.8,0.1353352832366127,NA,NA,NA,NA,NA,NA,NA,NA,NA,NA,NA,NA,NA,NA,NA,NA,NA,NA,NA,NA,0.9873632980243698,0.9309909857048074,0.5209386895320425,0.1047102725642967,0.9873632980243698,0.8647398511332526,0.5343227060658493,0.1173926662056911,0.9195748252245112,0.1513948551388799
0.8,0.22313016014842985,NA,NA,NA,NA,NA,NA,NA,NA,NA,NA,NA,NA,NA,NA,NA,NA,NA,NA,NA,NA,0.9873632980243698,0.9309909857048074,0.5209386895320425,0.1047102725642967,0.9873632980243698,0.8647398511332526,0.5343227060658493,0.1173926662056911,0.9195748252245112,0.1513948551388799
0.8,0.36787944117144233,NA,NA,NA,NA,NA,NA,NA,NA,NA,NA,NA,NA,NA,NA,NA,NA,NA,NA,NA,NA,0.9873632980243698,0.9309909857048074,0.5209386895320425,0.1047102725642967,0.9873632980243698,0.8647398511332526,0.5343227060658493,0.1173926662056911,0.9195748252245112,0.1513948551388799
0.8,0.6065306597126334,NA,NA,NA,NA,NA,NA,NA,NA,NA,NA,NA,NA,NA,NA,NA,NA,NA,NA,NA,NA,0.9873632980243698,0.9309909857048074,0.5209386895320425,0.1047102725642967,0.9873632980243698,0.8647398511332526,0.5343227060658493,0.1173926662056911,0.9195748252245112,0.1513948551388799
0.8,1,NA,NA,NA,NA,NA,NA,NA,NA,NA,NA,NA,NA,NA,NA,NA,NA,NA,NA,NA,NA,0.9873632980243698,0.9309909857048074,0.5209386895320425,0.1047102725642967,0.9873632980243698,0.8647398511332526,0.5343227060658493,0.1173926662056911,0.9195748252245112,0.1513948551388799
0.8,1.6487212707001282,NA,NA,NA,NA,NA,NA,NA,NA,NA,NA,NA,NA,NA,NA,NA,NA,NA,NA,NA,NA,0.9873632980243698,0.9309909857048074,0.5209386895320425,0.1047102725642967,0.9873632980243698,0.8647398511332526,0.5343227060658493,0.1173926662056911,0.9195748252245112,0.1513948551388799
0.8,2.718281828459045,NA,NA,NA,NA,NA,NA,NA,NA,NA,NA,NA,NA,NA,NA,NA,NA,NA,NA,NA,NA,0.9873632980243698,0.9309909857048074,0.5209386895320425,0.1047102725642967,0.9873632980243698,0.8647398511332526,0.5343227060658493,0.1173926662056911,0.9195748252245112,0.1513948551388799
0.8,4.4816890703380645,NA,NA,NA,NA,NA,NA,NA,NA,NA,NA,NA,NA,NA,NA,NA,NA,NA,NA,NA,NA,0.9873632980243698,0.9309909857048074,0.5209386895320425,0.1047102725642967,0.9873632980243698,0.8647398511332526,0.5343227060658493,0.1173926662056911,0.9195748252245112,0.1513948551388799
0.8,7.38905609893065,NA,NA,NA,NA,NA,NA,NA,NA,NA,NA,NA,NA,NA,NA,NA,NA,NA,NA,NA,NA,0.9873632980243698,0.9309909857048074,0.5209386895320425,0.1047102725642967,0.9873632980243698,0.8647398511332526,0.5343227060658493,0.1173926662056911,0.9195748252245112,0.1513948551388799
0.8,12.182493960703471,NA,NA,NA,NA,NA,NA,NA,NA,NA,NA,NA,NA,NA,NA,NA,NA,NA,NA,NA,NA,0.9873632980243698,0.9309909857048074,0.5209386895320425,0.1047102725642967,0.9873632980243698,0.8647398511332526,0.5343227060658493,0.1173926662056911,0.9195748252245112,0.1513948551388799
0.8,20.085536923187668,NA,NA,NA,NA,NA,NA,NA,NA,NA,NA,NA,NA,NA,NA,NA,NA,NA,NA,NA,NA,0.9873632980243698,0.9309909857048074,0.5209386895320425,0.1047102725642967,0.9873632980243698,0.8647398511332526,0.5343227060658493,0.1173926662056911,0.9195748252245112,0.1513948551388799
0.8,33.11545195869231,NA,NA,NA,NA,NA,NA,NA,NA,NA,NA,NA,NA,NA,NA,NA,NA,NA,NA,NA,NA,0.9873632980243698,0.9309909857048074,0.5209386895320425,0.1047102725642967,0.9873632980243698,0.8647398511332526,0.5343227060658493,0.1173926662056911,0.9195748252245112,0.1513948551388799
0.8,54.59815003314424,NA,NA,NA,NA,NA,NA,NA,NA,NA,NA,NA,NA,NA,NA,NA,NA,NA,NA,NA,NA,0.9873632980243698,0.9309909857048074,0.5209386895320425,0.1047102725642967,0.9873632980243698,0.8647398511332526,0.5343227060658493,0.1173926662056911,0.9195748252245112,0.1513948551388799
0.8,90.01713130052181,NA,NA,NA,NA,NA,NA,NA,NA,NA,NA,NA,NA,NA,NA,NA,NA,NA,NA,NA,NA,0.9873632980243698,0.9309909857048074,0.5209386895320425,0.1047102725642967,0.9873632980243698,0.8647398511332526,0.5343227060658493,0.1173926662056911,0.9195748252245112,0.1513948551388799
0.8,148.4131591025766,NA,NA,NA,NA,NA,NA,NA,NA,NA,NA,NA,NA,NA,NA,NA,NA,NA,NA,NA,NA,0.9873632980243698,0.9309909857048074,0.5209386895320425,0.1047102725642967,0.9873632980243698,0.8647398511332526,0.5343227060658493,0.1173926662056911,0.9195748252245112,0.1513948551388799
0.9,0.006737946999085467,NA,NA,NA,NA,NA,NA,NA,NA,NA,NA,NA,NA,NA,NA,NA,NA,NA,NA,NA,NA,0.9830665182625108,0.9221315375896324,0.5990028359554094,0.13518987582648942,0.9830665182625108,0.8883616940524002,0.6207446592591818,0.18147792756318704,0.9323075153988064,0.12605146033558573
0.9,0.011108996538242306,NA,NA,NA,NA,NA,NA,NA,NA,NA,NA,NA,NA,NA,NA,NA,NA,NA,NA,NA,NA,0.9830665182625108,0.9221315375896324,0.5990028359554094,0.13518987582648942,0.9830665182625108,0.8883616940524002,0.6207446592591818,0.18147792756318704,0.9323075153988064,0.12605146033558573
0.9,0.01831563888873418,NA,NA,NA,NA,NA,NA,NA,NA,NA,NA,NA,NA,NA,NA,NA,NA,NA,NA,NA,NA,0.9830665182625108,0.9221315375896324,0.5990028359554094,0.13518987582648942,0.9830665182625108,0.8883616940524002,0.6207446592591818,0.18147792756318704,0.9323075153988064,0.12605146033558573
0.9,0.0301973834223185,NA,NA,NA,NA,NA,NA,NA,NA,NA,NA,NA,NA,NA,NA,NA,NA,NA,NA,NA,NA,0.9830665182625108,0.9221315375896324,0.5990028359554094,0.13518987582648942,0.9830665182625108,0.8883616940524002,0.6207446592591818,0.18147792756318704,0.9323075153988064,0.12605146033558573
0.9,0.04978706836786394,NA,NA,NA,NA,NA,NA,NA,NA,NA,NA,NA,NA,NA,NA,NA,NA,NA,NA,NA,NA,0.9830665182625108,0.9221315375896324,0.5990028359554094,0.13518987582648942,0.9830665182625108,0.8883616940524002,0.6207446592591818,0.18147792756318704,0.9323075153988064,0.12605146033558573
0.9,0.0820849986238988,NA,NA,NA,NA,NA,NA,NA,NA,NA,NA,NA,NA,NA,NA,NA,NA,NA,NA,NA,NA,0.9830665182625108,0.9221315375896324,0.5990028359554094,0.13518987582648942,0.9830665182625108,0.8883616940524002,0.6207446592591818,0.18147792756318704,0.9323075153988064,0.12605146033558573
0.9,0.1353352832366127,NA,NA,NA,NA,NA,NA,NA,NA,NA,NA,NA,NA,NA,NA,NA,NA,NA,NA,NA,NA,0.9830665182625108,0.9221315375896324,0.5990028359554094,0.13518987582648942,0.9830665182625108,0.8883616940524002,0.6207446592591818,0.18147792756318704,0.9323075153988064,0.12605146033558573
0.9,0.22313016014842985,NA,NA,NA,NA,NA,NA,NA,NA,NA,NA,NA,NA,NA,NA,NA,NA,NA,NA,NA,NA,0.9830665182625108,0.9221315375896324,0.5990028359554094,0.13518987582648942,0.9830665182625108,0.8883616940524002,0.6207446592591818,0.18147792756318704,0.9323075153988064,0.12605146033558573
0.9,0.36787944117144233,NA,NA,NA,NA,NA,NA,NA,NA,NA,NA,NA,NA,NA,NA,NA,NA,NA,NA,NA,NA,0.9830665182625108,0.9221315375896324,0.5990028359554094,0.13518987582648942,0.9830665182625108,0.8883616940524002,0.6207446592591818,0.18147792756318704,0.9323075153988064,0.12605146033558573
0.9,0.6065306597126334,NA,NA,NA,NA,NA,NA,NA,NA,NA,NA,NA,NA,NA,NA,NA,NA,NA,NA,NA,NA,0.9830665182625108,0.9221315375896324,0.5990028359554094,0.13518987582648942,0.9830665182625108,0.8883616940524002,0.6207446592591818,0.18147792756318704,0.9323075153988064,0.12605146033558573
0.9,1,NA,NA,NA,NA,NA,NA,NA,NA,NA,NA,NA,NA,NA,NA,NA,NA,NA,NA,NA,NA,0.9830665182625108,0.9221315375896324,0.5990028359554094,0.13518987582648942,0.9830665182625108,0.8883616940524002,0.6207446592591818,0.18147792756318704,0.9323075153988064,0.12605146033558573
0.9,1.6487212707001282,NA,NA,NA,NA,NA,NA,NA,NA,NA,NA,NA,NA,NA,NA,NA,NA,NA,NA,NA,NA,0.9830665182625108,0.9221315375896324,0.5990028359554094,0.13518987582648942,0.9830665182625108,0.8883616940524002,0.6207446592591818,0.18147792756318704,0.9323075153988064,0.12605146033558573
0.9,2.718281828459045,NA,NA,NA,NA,NA,NA,NA,NA,NA,NA,NA,NA,NA,NA,NA,NA,NA,NA,NA,NA,0.9830665182625108,0.9221315375896324,0.5990028359554094,0.13518987582648942,0.9830665182625108,0.8883616940524002,0.6207446592591818,0.18147792756318704,0.9323075153988064,0.12605146033558573
0.9,4.4816890703380645,NA,NA,NA,NA,NA,NA,NA,NA,NA,NA,NA,NA,NA,NA,NA,NA,NA,NA,NA,NA,0.9830665182625108,0.9221315375896324,0.5990028359554094,0.13518987582648942,0.9830665182625108,0.8883616940524002,0.6207446592591818,0.18147792756318704,0.9323075153988064,0.12605146033558573
0.9,7.38905609893065,NA,NA,NA,NA,NA,NA,NA,NA,NA,NA,NA,NA,NA,NA,NA,NA,NA,NA,NA,NA,0.9830665182625108,0.9221315375896324,0.5990028359554094,0.13518987582648942,0.9830665182625108,0.8883616940524002,0.6207446592591818,0.18147792756318704,0.9323075153988064,0.12605146033558573
0.9,12.182493960703471,NA,NA,NA,NA,NA,NA,NA,NA,NA,NA,NA,NA,NA,NA,NA,NA,NA,NA,NA,NA,0.9830665182625108,0.9221315375896324,0.5990028359554094,0.13518987582648942,0.9830665182625108,0.8883616940524002,0.6207446592591818,0.18147792756318704,0.9323075153988064,0.12605146033558573
0.9,20.085536923187668,NA,NA,NA,NA,NA,NA,NA,NA,NA,NA,NA,NA,NA,NA,NA,NA,NA,NA,NA,NA,0.9830665182625108,0.9221315375896324,0.5990028359554094,0.13518987582648942,0.9830665182625108,0.8883616940524002,0.6207446592591818,0.18147792756318704,0.9323075153988064,0.12605146033558573
0.9,33.11545195869231,NA,NA,NA,NA,NA,NA,NA,NA,NA,NA,NA,NA,NA,NA,NA,NA,NA,NA,NA,NA,0.9830665182625108,0.9221315375896324,0.5990028359554094,0.13518987582648942,0.9830665182625108,0.8883616940524002,0.6207446592591818,0.18147792756318704,0.9323075153988064,0.12605146033558573
0.9,54.59815003314424,NA,NA,NA,NA,NA,NA,NA,NA,NA,NA,NA,NA,NA,NA,NA,NA,NA,NA,NA,NA,0.9830665182625108,0.9221315375896324,0.5990028359554094,0.13518987582648942,0.9830665182625108,0.8883616940524002,0.6207446592591818,0.18147792756318704,0.9323075153988064,0.12605146033558573
0.9,90.01713130052181,NA,NA,NA,NA,NA,NA,NA,NA,NA,NA,NA,NA,NA,NA,NA,NA,NA,NA,NA,NA,0.9830665182625108,0.9221315375896324,0.5990028359554094,0.13518987582648942,0.9830665182625108,0.8883616940524002,0.6207446592591818,0.18147792756318704,0.9323075153988064,0.12605146033558573
0.9,148.4131591025766,NA,NA,NA,NA,NA,NA,NA,NA,NA,NA,NA,NA,NA,NA,NA,NA,NA,NA,NA,NA,0.9830665182625108,0.9221315375896324,0.5990028359554094,0.13518987582648942,0.9830665182625108,0.8883616940524002,0.6207446592591818,0.18147792756318704,0.9323075153988064,0.12605146033558573
1,0.006737946999085467,NA,NA,NA,NA,NA,NA,NA,NA,NA,NA,NA,NA,NA,NA,NA,NA,NA,NA,NA,NA,0.974363392442732,0.9359255301474604,0.5724501355980472,0.10456695031940973,0.970747030547768,0.8946301930639361,0.578319561827759,0.10456695031940973,0.9873903688459096,0.13435145922179637
1,0.011108996538242306,NA,NA,NA,NA,NA,NA,NA,NA,NA,NA,NA,NA,NA,NA,NA,NA,NA,NA,NA,NA,0.974363392442732,0.9359255301474604,0.5724501355980472,0.10456695031940973,0.970747030547768,0.8946301930639361,0.578319561827759,0.10456695031940973,0.9873903688459096,0.13435145922179637
1,0.01831563888873418,NA,NA,NA,NA,NA,NA,NA,NA,NA,NA,NA,NA,NA,NA,NA,NA,NA,NA,NA,NA,0.974363392442732,0.9359255301474604,0.5724501355980472,0.10456695031940973,0.970747030547768,0.8946301930639361,0.578319561827759,0.10456695031940973,0.9873903688459096,0.13435145922179637
1,0.0301973834223185,NA,NA,NA,NA,NA,NA,NA,NA,NA,NA,NA,NA,NA,NA,NA,NA,NA,NA,NA,NA,0.974363392442732,0.9359255301474604,0.5724501355980472,0.10456695031940973,0.970747030547768,0.8946301930639361,0.578319561827759,0.10456695031940973,0.9873903688459096,0.13435145922179637
1,0.04978706836786394,NA,NA,NA,NA,NA,NA,NA,NA,NA,NA,NA,NA,NA,NA,NA,NA,NA,NA,NA,NA,0.974363392442732,0.9359255301474604,0.5724501355980472,0.10456695031940973,0.970747030547768,0.8946301930639361,0.578319561827759,0.10456695031940973,0.9873903688459096,0.13435145922179637
1,0.0820849986238988,NA,NA,NA,NA,NA,NA,NA,NA,NA,NA,NA,NA,NA,NA,NA,NA,NA,NA,NA,NA,0.974363392442732,0.9359255301474604,0.5724501355980472,0.10456695031940973,0.970747030547768,0.8946301930639361,0.578319561827759,0.10456695031940973,0.9873903688459096,0.13435145922179637
1,0.1353352832366127,NA,NA,NA,NA,NA,NA,NA,NA,NA,NA,NA,NA,NA,NA,NA,NA,NA,NA,NA,NA,0.974363392442732,0.9359255301474604,0.5724501355980472,0.10456695031940973,0.970747030547768,0.8946301930639361,0.578319561827759,0.10456695031940973,0.9873903688459096,0.13435145922179637
1,0.22313016014842985,NA,NA,NA,NA,NA,NA,NA,NA,NA,NA,NA,NA,NA,NA,NA,NA,NA,NA,NA,NA,0.974363392442732,0.9359255301474604,0.5724501355980472,0.10456695031940973,0.970747030547768,0.8946301930639361,0.578319561827759,0.10456695031940973,0.9873903688459096,0.13435145922179637
1,0.36787944117144233,NA,NA,NA,NA,NA,NA,NA,NA,NA,NA,NA,NA,NA,NA,NA,NA,NA,NA,NA,NA,0.974363392442732,0.9359255301474604,0.5724501355980472,0.10456695031940973,0.970747030547768,0.8946301930639361,0.578319561827759,0.10456695031940973,0.9873903688459096,0.13435145922179637
1,0.6065306597126334,NA,NA,NA,NA,NA,NA,NA,NA,NA,NA,NA,NA,NA,NA,NA,NA,NA,NA,NA,NA,0.974363392442732,0.9359255301474604,0.5724501355980472,0.10456695031940973,0.970747030547768,0.8946301930639361,0.578319561827759,0.10456695031940973,0.9873903688459096,0.13435145922179637
1,1,NA,NA,NA,NA,NA,NA,NA,NA,NA,NA,NA,NA,NA,NA,NA,NA,NA,NA,NA,NA,0.974363392442732,0.9359255301474604,0.5724501355980472,0.10456695031940973,0.970747030547768,0.8946301930639361,0.578319561827759,0.10456695031940973,0.9873903688459096,0.13435145922179637
1,1.6487212707001282,NA,NA,NA,NA,NA,NA,NA,NA,NA,NA,NA,NA,NA,NA,NA,NA,NA,NA,NA,NA,0.974363392442732,0.9359255301474604,0.5724501355980472,0.10456695031940973,0.970747030547768,0.8946301930639361,0.578319561827759,0.10456695031940973,0.9873903688459096,0.13435145922179637
1,2.718281828459045,NA,NA,NA,NA,NA,NA,NA,NA,NA,NA,NA,NA,NA,NA,NA,NA,NA,NA,NA,NA,0.974363392442732,0.9359255301474604,0.5724501355980472,0.10456695031940973,0.970747030547768,0.8946301930639361,0.578319561827759,0.10456695031940973,0.9873903688459096,0.13435145922179637
1,4.4816890703380645,NA,NA,NA,NA,NA,NA,NA,NA,NA,NA,NA,NA,NA,NA,NA,NA,NA,NA,NA,NA,0.974363392442732,0.9359255301474604,0.5724501355980472,0.10456695031940973,0.970747030547768,0.8946301930639361,0.578319561827759,0.10456695031940973,0.9873903688459096,0.13435145922179637
1,7.38905609893065,NA,NA,NA,NA,NA,NA,NA,NA,NA,NA,NA,NA,NA,NA,NA,NA,NA,NA,NA,NA,0.974363392442732,0.9359255301474604,0.5724501355980472,0.10456695031940973,0.970747030547768,0.8946301930639361,0.578319561827759,0.10456695031940973,0.9873903688459096,0.13435145922179637
1,12.182493960703471,NA,NA,NA,NA,NA,NA,NA,NA,NA,NA,NA,NA,NA,NA,NA,NA,NA,NA,NA,NA,0.974363392442732,0.9359255301474604,0.5724501355980472,0.10456695031940973,0.970747030547768,0.8946301930639361,0.578319561827759,0.10456695031940973,0.9873903688459096,0.13435145922179637
1,20.085536923187668,NA,NA,NA,NA,NA,NA,NA,NA,NA,NA,NA,NA,NA,NA,NA,NA,NA,NA,NA,NA,0.974363392442732,0.9359255301474604,0.5724501355980472,0.10456695031940973,0.970747030547768,0.8946301930639361,0.578319561827759,0.10456695031940973,0.9873903688459096,0.13435145922179637
1,33.11545195869231,NA,NA,NA,NA,NA,NA,NA,NA,NA,NA,NA,NA,NA,NA,NA,NA,NA,NA,NA,NA,0.974363392442732,0.9359255301474604,0.5724501355980472,0.10456695031940973,0.970747030547768,0.8946301930639361,0.578319561827759,0.10456695031940973,0.9873903688459096,0.13435145922179637
1,54.59815003314424,NA,NA,NA,NA,NA,NA,NA,NA,NA,NA,NA,NA,NA,NA,NA,NA,NA,NA,NA,NA,0.974363392442732,0.9359255301474604,0.5724501355980472,0.10456695031940973,0.970747030547768,0.8946301930639361,0.578319561827759,0.10456695031940973,0.9873903688459096,0.13435145922179637
1,90.01713130052181,NA,NA,NA,NA,NA,NA,NA,NA,NA,NA,NA,NA,NA,NA,NA,NA,NA,NA,NA,NA,0.974363392442732,0.9359255301474604,0.5724501355980472,0.10456695031940973,0.970747030547768,0.8946301930639361,0.578319561827759,0.10456695031940973,0.9873903688459096,0.13435145922179637
1,148.4131591025766,NA,NA,NA,NA,NA,NA,NA,NA,NA,NA,NA,NA,NA,NA,NA,NA,NA,NA,NA,NA,0.974363392442732,0.9359255301474604,0.5724501355980472,0.10456695031940973,0.970747030547768,0.8946301930639361,0.578319561827759,0.10456695031940973,0.9873903688459096,0.13435145922179637
1.1,0.006737946999085467,NA,NA,NA,NA,NA,NA,NA,NA,NA,NA,NA,NA,NA,NA,NA,NA,NA,NA,NA,NA,0.9740690968743286,0.925160025533306,0.5165673447560918,0.10642339388500048,0.9740690968743286,0.8959895539494342,0.546064444570122,0.10642339388500048,1.0441275677002668,0.14904358717448837
1.1,0.011108996538242306,NA,NA,NA,NA,NA,NA,NA,NA,NA,NA,NA,NA,NA,NA,NA,NA,NA,NA,NA,NA,0.9740690968743286,0.925160025533306,0.5165673447560918,0.10642339388500048,0.9740690968743286,0.8959895539494342,0.546064444570122,0.10642339388500048,1.0441275677002668,0.14904358717448837
1.1,0.01831563888873418,NA,NA,NA,NA,NA,NA,NA,NA,NA,NA,NA,NA,NA,NA,NA,NA,NA,NA,NA,NA,0.9740690968743286,0.925160025533306,0.5165673447560918,0.10642339388500048,0.9740690968743286,0.8959895539494342,0.546064444570122,0.10642339388500048,1.0441275677002668,0.14904358717448837
1.1,0.0301973834223185,NA,NA,NA,NA,NA,NA,NA,NA,NA,NA,NA,NA,NA,NA,NA,NA,NA,NA,NA,NA,0.9740690968743286,0.925160025533306,0.5165673447560918,0.10642339388500048,0.9740690968743286,0.8959895539494342,0.546064444570122,0.10642339388500048,1.0441275677002668,0.14904358717448837
1.1,0.04978706836786394,NA,NA,NA,NA,NA,NA,NA,NA,NA,NA,NA,NA,NA,NA,NA,NA,NA,NA,NA,NA,0.9740690968743286,0.925160025533306,0.5165673447560918,0.10642339388500048,0.9740690968743286,0.8959895539494342,0.546064444570122,0.10642339388500048,1.0441275677002668,0.14904358717448837
1.1,0.0820849986238988,NA,NA,NA,NA,NA,NA,NA,NA,NA,NA,NA,NA,NA,NA,NA,NA,NA,NA,NA,NA,0.9740690968743286,0.925160025533306,0.5165673447560918,0.10642339388500048,0.9740690968743286,0.8959895539494342,0.546064444570122,0.10642339388500048,1.0441275677002668,0.14904358717448837
1.1,0.1353352832366127,NA,NA,NA,NA,NA,NA,NA,NA,NA,NA,NA,NA,NA,NA,NA,NA,NA,NA,NA,NA,0.9740690968743286,0.925160025533306,0.5165673447560918,0.10642339388500048,0.9740690968743286,0.8959895539494342,0.546064444570122,0.10642339388500048,1.0441275677002668,0.14904358717448837
1.1,0.22313016014842985,NA,NA,NA,NA,NA,NA,NA,NA,NA,NA,NA,NA,NA,NA,NA,NA,NA,NA,NA,NA,0.9740690968743286,0.925160025533306,0.5165673447560918,0.10642339388500048,0.9740690968743286,0.8959895539494342,0.546064444570122,0.10642339388500048,1.0441275677002668,0.14904358717448837
1.1,0.36787944117144233,NA,NA,NA,NA,NA,NA,NA,NA,NA,NA,NA,NA,NA,NA,NA,NA,NA,NA,NA,NA,0.9740690968743286,0.925160025533306,0.5165673447560918,0.10642339388500048,0.9740690968743286,0.8959895539494342,0.546064444570122,0.10642339388500048,1.0441275677002668,0.14904358717448837
1.1,0.6065306597126334,NA,NA,NA,NA,NA,NA,NA,NA,NA,NA,NA,NA,NA,NA,NA,NA,NA,NA,NA,NA,0.9740690968743286,0.925160025533306,0.5165673447560918,0.10642339388500048,0.9740690968743286,0.8959895539494342,0.546064444570122,0.10642339388500048,1.0441275677002668,0.14904358717448837
1.1,1,NA,NA,NA,NA,NA,NA,NA,NA,NA,NA,NA,NA,NA,NA,NA,NA,NA,NA,NA,NA,0.9740690968743286,0.925160025533306,0.5165673447560918,0.10642339388500048,0.9740690968743286,0.8959895539494342,0.546064444570122,0.10642339388500048,1.0441275677002668,0.14904358717448837
1.1,1.6487212707001282,NA,NA,NA,NA,NA,NA,NA,NA,NA,NA,NA,NA,NA,NA,NA,NA,NA,NA,NA,NA,0.9740690968743286,0.925160025533306,0.5165673447560918,0.10642339388500048,0.9740690968743286,0.8959895539494342,0.546064444570122,0.10642339388500048,1.0441275677002668,0.14904358717448837
1.1,2.718281828459045,NA,NA,NA,NA,NA,NA,NA,NA,NA,NA,NA,NA,NA,NA,NA,NA,NA,NA,NA,NA,0.9740690968743286,0.925160025533306,0.5165673447560918,0.10642339388500048,0.9740690968743286,0.8959895539494342,0.546064444570122,0.10642339388500048,1.0441275677002668,0.14904358717448837
1.1,4.4816890703380645,NA,NA,NA,NA,NA,NA,NA,NA,NA,NA,NA,NA,NA,NA,NA,NA,NA,NA,NA,NA,0.9740690968743286,0.925160025533306,0.5165673447560918,0.10642339388500048,0.9740690968743286,0.8959895539494342,0.546064444570122,0.10642339388500048,1.0441275677002668,0.14904358717448837
1.1,7.38905609893065,NA,NA,NA,NA,NA,NA,NA,NA,NA,NA,NA,NA,NA,NA,NA,NA,NA,NA,NA,NA,0.9740690968743286,0.925160025533306,0.5165673447560918,0.10642339388500048,0.9740690968743286,0.8959895539494342,0.546064444570122,0.10642339388500048,1.0441275677002668,0.14904358717448837
1.1,12.182493960703471,NA,NA,NA,NA,NA,NA,NA,NA,NA,NA,NA,NA,NA,NA,NA,NA,NA,NA,NA,NA,0.9740690968743286,0.925160025533306,0.5165673447560918,0.10642339388500048,0.9740690968743286,0.8959895539494342,0.546064444570122,0.10642339388500048,1.0441275677002668,0.14904358717448837
1.1,20.085536923187668,NA,NA,NA,NA,NA,NA,NA,NA,NA,NA,NA,NA,NA,NA,NA,NA,NA,NA,NA,NA,0.9740690968743286,0.925160025533306,0.5165673447560918,0.10642339388500048,0.9740690968743286,0.8959895539494342,0.546064444570122,0.10642339388500048,1.0441275677002668,0.14904358717448837
1.1,33.11545195869231,NA,NA,NA,NA,NA,NA,NA,NA,NA,NA,NA,NA,NA,NA,NA,NA,NA,NA,NA,NA,0.9740690968743286,0.925160025533306,0.5165673447560918,0.10642339388500048,0.9740690968743286,0.8959895539494342,0.546064444570122,0.10642339388500048,1.0441275677002668,0.14904358717448837
1.1,54.59815003314424,NA,NA,NA,NA,NA,NA,NA,NA,NA,NA,NA,NA,NA,NA,NA,NA,NA,NA,NA,NA,0.9740690968743286,0.925160025533306,0.5165673447560918,0.10642339388500048,0.9740690968743286,0.8959895539494342,0.546064444570122,0.10642339388500048,1.0441275677002668,0.14904358717448837
1.1,90.01713130052181,NA,NA,NA,NA,NA,NA,NA,NA,NA,NA,NA,NA,NA,NA,NA,NA,NA,NA,NA,NA,0.9740690968743286,0.925160025533306,0.5165673447560918,0.10642339388500048,0.9740690968743286,0.8959895539494342,0.546064444570122,0.10642339388500048,1.0441275677002668,0.14904358717448837
1.1,148.4131591025766,NA,NA,NA,NA,NA,NA,NA,NA,NA,NA,NA,NA,NA,NA,NA,NA,NA,NA,NA,NA,0.9740690968743286,0.925160025533306,0.5165673447560918,0.10642339388500048,0.9740690968743286,0.8959895539494342,0.546064444570122,0.10642339388500048,1.0441275677002668,0.14904358717448837
1.2000000000000002,0.006737946999085467,NA,NA,NA,NA,NA,NA,NA,NA,NA,NA,NA,NA,NA,NA,NA,NA,NA,NA,NA,NA,0.9748112479309516,0.9322458506103304,0.4865364772309661,0.1031183409720256,0.9700676199642078,0.9097138717705014,0.5488734464443779,0.1031183409720256,1.1052855615894384,0.15614838727358163
1.2000000000000002,0.011108996538242306,NA,NA,NA,NA,NA,NA,NA,NA,NA,NA,NA,NA,NA,NA,NA,NA,NA,NA,NA,NA,0.9748112479309516,0.9322458506103304,0.4865364772309661,0.1031183409720256,0.9700676199642078,0.9097138717705014,0.5488734464443779,0.1031183409720256,1.1052855615894384,0.15614838727358163
1.2000000000000002,0.01831563888873418,NA,NA,NA,NA,NA,NA,NA,NA,NA,NA,NA,NA,NA,NA,NA,NA,NA,NA,NA,NA,0.9748112479309516,0.9322458506103304,0.4865364772309661,0.1031183409720256,0.9700676199642078,0.9097138717705014,0.5488734464443779,0.1031183409720256,1.1052855615894384,0.15614838727358163
1.2000000000000002,0.0301973834223185,NA,NA,NA,NA,NA,NA,NA,NA,NA,NA,NA,NA,NA,NA,NA,NA,NA,NA,NA,NA,0.9748112479309516,0.9322458506103304,0.4865364772309661,0.1031183409720256,0.9700676199642078,0.9097138717705014,0.5488734464443779,0.1031183409720256,1.1052855615894384,0.15614838727358163
1.2000000000000002,0.04978706836786394,NA,NA,NA,NA,NA,NA,NA,NA,NA,NA,NA,NA,NA,NA,NA,NA,NA,NA,NA,NA,0.9748112479309516,0.9322458506103304,0.4865364772309661,0.1031183409720256,0.9700676199642078,0.9097138717705014,0.5488734464443779,0.1031183409720256,1.1052855615894384,0.15614838727358163
1.2000000000000002,0.0820849986238988,NA,NA,NA,NA,NA,NA,NA,NA,NA,NA,NA,NA,NA,NA,NA,NA,NA,NA,NA,NA,0.9748112479309516,0.9322458506103304,0.4865364772309661,0.1031183409720256,0.9700676199642078,0.9097138717705014,0.5488734464443779,0.1031183409720256,1.1052855615894384,0.15614838727358163
1.2000000000000002,0.1353352832366127,NA,NA,NA,NA,NA,NA,NA,NA,NA,NA,NA,NA,NA,NA,NA,NA,NA,NA,NA,NA,0.9748112479309516,0.9322458506103304,0.4865364772309661,0.1031183409720256,0.9700676199642078,0.9097138717705014,0.5488734464443779,0.1031183409720256,1.1052855615894384,0.15614838727358163
1.2000000000000002,0.22313016014842985,NA,NA,NA,NA,NA,NA,NA,NA,NA,NA,NA,NA,NA,NA,NA,NA,NA,NA,NA,NA,0.9748112479309516,0.9322458506103304,0.4865364772309661,0.1031183409720256,0.9700676199642078,0.9097138717705014,0.5488734464443779,0.1031183409720256,1.1052855615894384,0.15614838727358163
1.2000000000000002,0.36787944117144233,NA,NA,NA,NA,NA,NA,NA,NA,NA,NA,NA,NA,NA,NA,NA,NA,NA,NA,NA,NA,0.9748112479309516,0.9322458506103304,0.4865364772309661,0.1031183409720256,0.9700676199642078,0.9097138717705014,0.5488734464443779,0.1031183409720256,1.1052855615894384,0.15614838727358163
1.2000000000000002,0.6065306597126334,NA,NA,NA,NA,NA,NA,NA,NA,NA,NA,NA,NA,NA,NA,NA,NA,NA,NA,NA,NA,0.9748112479309516,0.9322458506103304,0.4865364772309661,0.1031183409720256,0.9700676199642078,0.9097138717705014,0.5488734464443779,0.1031183409720256,1.1052855615894384,0.15614838727358163
1.2000000000000002,1,NA,NA,NA,NA,NA,NA,NA,NA,NA,NA,NA,NA,NA,NA,NA,NA,NA,NA,NA,NA,0.9748112479309516,0.9322458506103304,0.4865364772309661,0.1031183409720256,0.9700676199642078,0.9097138717705014,0.5488734464443779,0.1031183409720256,1.1052855615894384,0.15614838727358163
1.2000000000000002,1.6487212707001282,NA,NA,NA,NA,NA,NA,NA,NA,NA,NA,NA,NA,NA,NA,NA,NA,NA,NA,NA,NA,0.9748112479309516,0.9322458506103304,0.4865364772309661,0.1031183409720256,0.9700676199642078,0.9097138717705014,0.5488734464443779,0.1031183409720256,1.1052855615894384,0.15614838727358163
1.2000000000000002,2.718281828459045,NA,NA,NA,NA,NA,NA,NA,NA,NA,NA,NA,NA,NA,NA,NA,NA,NA,NA,NA,NA,0.9748112479309516,0.9322458506103304,0.4865364772309661,0.1031183409720256,0.9700676199642078,0.9097138717705014,0.5488734464443779,0.1031183409720256,1.1052855615894384,0.15614838727358163
1.2000000000000002,4.4816890703380645,NA,NA,NA,NA,NA,NA,NA,NA,NA,NA,NA,NA,NA,NA,NA,NA,NA,NA,NA,NA,0.9748112479309516,0.9322458506103304,0.4865364772309661,0.1031183409720256,0.9700676199642078,0.9097138717705014,0.5488734464443779,0.1031183409720256,1.1052855615894384,0.15614838727358163
1.2000000000000002,7.38905609893065,NA,NA,NA,NA,NA,NA,NA,NA,NA,NA,NA,NA,NA,NA,NA,NA,NA,NA,NA,NA,0.9748112479309516,0.9322458506103304,0.4865364772309661,0.1031183409720256,0.9700676199642078,0.9097138717705014,0.5488734464443779,0.1031183409720256,1.1052855615894384,0.15614838727358163
1.2000000000000002,12.182493960703471,NA,NA,NA,NA,NA,NA,NA,NA,NA,NA,NA,NA,NA,NA,NA,NA,NA,NA,NA,NA,0.9748112479309516,0.9322458506103304,0.4865364772309661,0.1031183409720256,0.9700676199642078,0.9097138717705014,0.5488734464443779,0.1031183409720256,1.1052855615894384,0.15614838727358163
1.2000000000000002,20.085536923187668,NA,NA,NA,NA,NA,NA,NA,NA,NA,NA,NA,NA,NA,NA,NA,NA,NA,NA,NA,NA,0.9748112479309516,0.9322458506103304,0.4865364772309661,0.1031183409720256,0.9700676199642078,0.9097138717705014,0.5488734464443779,0.1031183409720256,1.1052855615894384,0.15614838727358163
1.2000000000000002,33.11545195869231,NA,NA,NA,NA,NA,NA,NA,NA,NA,NA,NA,NA,NA,NA,NA,NA,NA,NA,NA,NA,0.9748112479309516,0.9322458506103304,0.4865364772309661,0.1031183409720256,0.9700676199642078,0.9097138717705014,0.5488734464443779,0.1031183409720256,1.1052855615894384,0.15614838727358163
1.2000000000000002,54.59815003314424,NA,NA,NA,NA,NA,NA,NA,NA,NA,NA,NA,NA,NA,NA,NA,NA,NA,NA,NA,NA,0.9748112479309516,0.9322458506103304,0.4865364772309661,0.1031183409720256,0.9700676199642078,0.9097138717705014,0.5488734464443779,0.1031183409720256,1.1052855615894384,0.15614838727358163
1.2000000000000002,90.01713130052181,NA,NA,NA,NA,NA,NA,NA,NA,NA,NA,NA,NA,NA,NA,NA,NA,NA,NA,NA,NA,0.9748112479309516,0.9322458506103304,0.4865364772309661,0.1031183409720256,0.9700676199642078,0.9097138717705014,0.5488734464443779,0.1031183409720256,1.1052855615894384,0.15614838727358163
1.2000000000000002,148.4131591025766,NA,NA,NA,NA,NA,NA,NA,NA,NA,NA,NA,NA,NA,NA,NA,NA,NA,NA,NA,NA,0.9748112479309516,0.9322458506103304,0.4865364772309661,0.1031183409720256,0.9700676199642078,0.9097138717705014,0.5488734464443779,0.1031183409720256,1.1052855615894384,0.15614838727358163
1.3,0.006737946999085467,NA,NA,NA,NA,NA,NA,NA,NA,NA,NA,NA,NA,NA,NA,NA,NA,NA,NA,NA,NA,0.9751555100417724,0.9362690816097928,0.4703926497467298,0.10111916317950335,0.9708992857754845,0.8983474231888965,0.5506613676238462,0.10111916317950335,1.1607443177563386,0.1620923778490694
1.3,0.011108996538242306,NA,NA,NA,NA,NA,NA,NA,NA,NA,NA,NA,NA,NA,NA,NA,NA,NA,NA,NA,NA,0.9751555100417724,0.9362690816097928,0.4703926497467298,0.10111916317950335,0.9708992857754845,0.8983474231888965,0.5506613676238462,0.10111916317950335,1.1607443177563386,0.1620923778490694
1.3,0.01831563888873418,NA,NA,NA,NA,NA,NA,NA,NA,NA,NA,NA,NA,NA,NA,NA,NA,NA,NA,NA,NA,0.9751555100417724,0.9362690816097928,0.4703926497467298,0.10111916317950335,0.9708992857754845,0.8983474231888965,0.5506613676238462,0.10111916317950335,1.1607443177563386,0.1620923778490694
1.3,0.0301973834223185,NA,NA,NA,NA,NA,NA,NA,NA,NA,NA,NA,NA,NA,NA,NA,NA,NA,NA,NA,NA,0.9751555100417724,0.9362690816097928,0.4703926497467298,0.10111916317950335,0.9708992857754845,0.8983474231888965,0.5506613676238462,0.10111916317950335,1.1607443177563386,0.1620923778490694
1.3,0.04978706836786394,NA,NA,NA,NA,NA,NA,NA,NA,NA,NA,NA,NA,NA,NA,NA,NA,NA,NA,NA,NA,0.9751555100417724,0.9362690816097928,0.4703926497467298,0.10111916317950335,0.9708992857754845,0.8983474231888965,0.5506613676238462,0.10111916317950335,1.1607443177563386,0.1620923778490694
1.3,0.0820849986238988,NA,NA,NA,NA,NA,NA,NA,NA,NA,NA,NA,NA,NA,NA,NA,NA,NA,NA,NA,NA,0.9751555100417724,0.9362690816097928,0.4703926497467298,0.10111916317950335,0.9708992857754845,0.8983474231888965,0.5506613676238462,0.10111916317950335,1.1607443177563386,0.1620923778490694
1.3,0.1353352832366127,NA,NA,NA,NA,NA,NA,NA,NA,NA,NA,NA,NA,NA,NA,NA,NA,NA,NA,NA,NA,0.9751555100417724,0.9362690816097928,0.4703926497467298,0.10111916317950335,0.9708992857754845,0.8983474231888965,0.5506613676238462,0.10111916317950335,1.1607443177563386,0.1620923778490694
1.3,0.22313016014842985,NA,NA,NA,NA,NA,NA,NA,NA,NA,NA,NA,NA,NA,NA,NA,NA,NA,NA,NA,NA,0.9751555100417724,0.9362690816097928,0.4703926497467298,0.10111916317950335,0.9708992857754845,0.8983474231888965,0.5506613676238462,0.10111916317950335,1.1607443177563386,0.1620923778490694
1.3,0.36787944117144233,NA,NA,NA,NA,NA,NA,NA,NA,NA,NA,NA,NA,NA,NA,NA,NA,NA,NA,NA,NA,0.9751555100417724,0.9362690816097928,0.4703926497467298,0.10111916317950335,0.9708992857754845,0.8983474231888965,0.5506613676238462,0.10111916317950335,1.1607443177563386,0.1620923778490694
1.3,0.6065306597126334,NA,NA,NA,NA,NA,NA,NA,NA,NA,NA,NA,NA,NA,NA,NA,NA,NA,NA,NA,NA,0.9751555100417724,0.9362690816097928,0.4703926497467298,0.10111916317950335,0.9708992857754845,0.8983474231888965,0.5506613676238462,0.10111916317950335,1.1607443177563386,0.1620923778490694
1.3,1,NA,NA,NA,NA,NA,NA,NA,NA,NA,NA,NA,NA,NA,NA,NA,NA,NA,NA,NA,NA,0.9751555100417724,0.9362690816097928,0.4703926497467298,0.10111916317950335,0.9708992857754845,0.8983474231888965,0.5506613676238462,0.10111916317950335,1.1607443177563386,0.1620923778490694
1.3,1.6487212707001282,NA,NA,NA,NA,NA,NA,NA,NA,NA,NA,NA,NA,NA,NA,NA,NA,NA,NA,NA,NA,0.9751555100417724,0.9362690816097928,0.4703926497467298,0.10111916317950335,0.9708992857754845,0.8983474231888965,0.5506613676238462,0.10111916317950335,1.1607443177563386,0.1620923778490694
1.3,2.718281828459045,NA,NA,NA,NA,NA,NA,NA,NA,NA,NA,NA,NA,NA,NA,NA,NA,NA,NA,NA,NA,0.9751555100417724,0.9362690816097928,0.4703926497467298,0.10111916317950335,0.9708992857754845,0.8983474231888965,0.5506613676238462,0.10111916317950335,1.1607443177563386,0.1620923778490694
1.3,4.4816890703380645,NA,NA,NA,NA,NA,NA,NA,NA,NA,NA,NA,NA,NA,NA,NA,NA,NA,NA,NA,NA,0.9751555100417724,0.9362690816097928,0.4703926497467298,0.10111916317950335,0.9708992857754845,0.8983474231888965,0.5506613676238462,0.10111916317950335,1.1607443177563386,0.1620923778490694
1.3,7.38905609893065,NA,NA,NA,NA,NA,NA,NA,NA,NA,NA,NA,NA,NA,NA,NA,NA,NA,NA,NA,NA,0.9751555100417724,0.9362690816097928,0.4703926497467298,0.10111916317950335,0.9708992857754845,0.8983474231888965,0.5506613676238462,0.10111916317950335,1.1607443177563386,0.1620923778490694
1.3,12.182493960703471,NA,NA,NA,NA,NA,NA,NA,NA,NA,NA,NA,NA,NA,NA,NA,NA,NA,NA,NA,NA,0.9751555100417724,0.9362690816097928,0.4703926497467298,0.10111916317950335,0.9708992857754845,0.8983474231888965,0.5506613676238462,0.10111916317950335,1.1607443177563386,0.1620923778490694
1.3,20.085536923187668,NA,NA,NA,NA,NA,NA,NA,NA,NA,NA,NA,NA,NA,NA,NA,NA,NA,NA,NA,NA,0.9751555100417724,0.9362690816097928,0.4703926497467298,0.10111916317950335,0.9708992857754845,0.8983474231888965,0.5506613676238462,0.10111916317950335,1.1607443177563386,0.1620923778490694
1.3,33.11545195869231,NA,NA,NA,NA,NA,NA,NA,NA,NA,NA,NA,NA,NA,NA,NA,NA,NA,NA,NA,NA,0.9751555100417724,0.9362690816097928,0.4703926497467298,0.10111916317950335,0.9708992857754845,0.8983474231888965,0.5506613676238462,0.10111916317950335,1.1607443177563386,0.1620923778490694
1.3,54.59815003314424,NA,NA,NA,NA,NA,NA,NA,NA,NA,NA,NA,NA,NA,NA,NA,NA,NA,NA,NA,NA,0.9751555100417724,0.9362690816097928,0.4703926497467298,0.10111916317950335,0.9708992857754845,0.8983474231888965,0.5506613676238462,0.10111916317950335,1.1607443177563386,0.1620923778490694
1.3,90.01713130052181,NA,NA,NA,NA,NA,NA,NA,NA,NA,NA,NA,NA,NA,NA,NA,NA,NA,NA,NA,NA,0.9751555100417724,0.9362690816097928,0.4703926497467298,0.10111916317950335,0.9708992857754845,0.8983474231888965,0.5506613676238462,0.10111916317950335,1.1607443177563386,0.1620923778490694
1.3,148.4131591025766,NA,NA,NA,NA,NA,NA,NA,NA,NA,NA,NA,NA,NA,NA,NA,NA,NA,NA,NA,NA,0.9751555100417724,0.9362690816097928,0.4703926497467298,0.10111916317950335,0.9708992857754845,0.8983474231888965,0.5506613676238462,0.10111916317950335,1.1607443177563386,0.1620923778490694
1.4,0.006737946999085467,NA,NA,NA,NA,NA,NA,NA,NA,NA,NA,NA,NA,NA,NA,NA,NA,NA,NA,NA,NA,0.981746321566882,0.9260752191875766,0.5190830060919098,0.08026976090592405,0.981746321566882,0.9162492364986484,0.5750904534144675,0.11824575485051182,1.211700149186524,0.1670566928362328
1.4,0.011108996538242306,NA,NA,NA,NA,NA,NA,NA,NA,NA,NA,NA,NA,NA,NA,NA,NA,NA,NA,NA,NA,0.981746321566882,0.9260752191875766,0.5190830060919098,0.08026976090592405,0.981746321566882,0.9162492364986484,0.5750904534144675,0.11824575485051182,1.211700149186524,0.1670566928362328
1.4,0.01831563888873418,NA,NA,NA,NA,NA,NA,NA,NA,NA,NA,NA,NA,NA,NA,NA,NA,NA,NA,NA,NA,0.981746321566882,0.9260752191875766,0.5190830060919098,0.08026976090592405,0.981746321566882,0.9162492364986484,0.5750904534144675,0.11824575485051182,1.211700149186524,0.1670566928362328
1.4,0.0301973834223185,NA,NA,NA,NA,NA,NA,NA,NA,NA,NA,NA,NA,NA,NA,NA,NA,NA,NA,NA,NA,0.981746321566882,0.9260752191875766,0.5190830060919098,0.08026976090592405,0.981746321566882,0.9162492364986484,0.5750904534144675,0.11824575485051182,1.211700149186524,0.1670566928362328
1.4,0.04978706836786394,NA,NA,NA,NA,NA,NA,NA,NA,NA,NA,NA,NA,NA,NA,NA,NA,NA,NA,NA,NA,0.981746321566882,0.9260752191875766,0.5190830060919098,0.08026976090592405,0.981746321566882,0.9162492364986484,0.5750904534144675,0.11824575485051182,1.211700149186524,0.1670566928362328
1.4,0.0820849986238988,NA,NA,NA,NA,NA,NA,NA,NA,NA,NA,NA,NA,NA,NA,NA,NA,NA,NA,NA,NA,0.981746321566882,0.9260752191875766,0.5190830060919098,0.08026976090592405,0.981746321566882,0.9162492364986484,0.5750904534144675,0.11824575485051182,1.211700149186524,0.1670566928362328
1.4,0.1353352832366127,NA,NA,NA,NA,NA,NA,NA,NA,NA,NA,NA,NA,NA,NA,NA,NA,NA,NA,NA,NA,0.981746321566882,0.9260752191875766,0.5190830060919098,0.08026976090592405,0.981746321566882,0.9162492364986484,0.5750904534144675,0.11824575485051182,1.211700149186524,0.1670566928362328
1.4,0.22313016014842985,NA,NA,NA,NA,NA,NA,NA,NA,NA,NA,NA,NA,NA,NA,NA,NA,NA,NA,NA,NA,0.981746321566882,0.9260752191875766,0.5190830060919098,0.08026976090592405,0.981746321566882,0.9162492364986484,0.5750904534144675,0.11824575485051182,1.211700149186524,0.1670566928362328
1.4,0.36787944117144233,NA,NA,NA,NA,NA,NA,NA,NA,NA,NA,NA,NA,NA,NA,NA,NA,NA,NA,NA,NA,0.981746321566882,0.9260752191875766,0.5190830060919098,0.08026976090592405,0.981746321566882,0.9162492364986484,0.5750904534144675,0.11824575485051182,1.211700149186524,0.1670566928362328
1.4,0.6065306597126334,NA,NA,NA,NA,NA,NA,NA,NA,NA,NA,NA,NA,NA,NA,NA,NA,NA,NA,NA,NA,0.981746321566882,0.9260752191875766,0.5190830060919098,0.08026976090592405,0.981746321566882,0.9162492364986484,0.5750904534144675,0.11824575485051182,1.211700149186524,0.1670566928362328
1.4,1,NA,NA,NA,NA,NA,NA,NA,NA,NA,NA,NA,NA,NA,NA,NA,NA,NA,NA,NA,NA,0.981746321566882,0.9260752191875766,0.5190830060919098,0.08026976090592405,0.981746321566882,0.9162492364986484,0.5750904534144675,0.11824575485051182,1.211700149186524,0.1670566928362328
1.4,1.6487212707001282,NA,NA,NA,NA,NA,NA,NA,NA,NA,NA,NA,NA,NA,NA,NA,NA,NA,NA,NA,NA,0.981746321566882,0.9260752191875766,0.5190830060919098,0.08026976090592405,0.981746321566882,0.9162492364986484,0.5750904534144675,0.11824575485051182,1.211700149186524,0.1670566928362328
1.4,2.718281828459045,NA,NA,NA,NA,NA,NA,NA,NA,NA,NA,NA,NA,NA,NA,NA,NA,NA,NA,NA,NA,0.981746321566882,0.9260752191875766,0.5190830060919098,0.08026976090592405,0.981746321566882,0.9162492364986484,0.5750904534144675,0.11824575485051182,1.211700149186524,0.1670566928362328
1.4,4.4816890703380645,NA,NA,NA,NA,NA,NA,NA,NA,NA,NA,NA,NA,NA,NA,NA,NA,NA,NA,NA,NA,0.981746321566882,0.9260752191875766,0.5190830060919098,0.08026976090592405,0.981746321566882,0.9162492364986484,0.5750904534144675,0.11824575485051182,1.211700149186524,0.1670566928362328
1.4,7.38905609893065,NA,NA,NA,NA,NA,NA,NA,NA,NA,NA,NA,NA,NA,NA,NA,NA,NA,NA,NA,NA,0.981746321566882,0.9260752191875766,0.5190830060919098,0.08026976090592405,0.981746321566882,0.9162492364986484,0.5750904534144675,0.11824575485051182,1.211700149186524,0.1670566928362328
1.4,12.182493960703471,NA,NA,NA,NA,NA,NA,NA,NA,NA,NA,NA,NA,NA,NA,NA,NA,NA,NA,NA,NA,0.981746321566882,0.9260752191875766,0.5190830060919098,0.08026976090592405,0.981746321566882,0.9162492364986484,0.5750904534144675,0.11824575485051182,1.211700149186524,0.1670566928362328
1.4,20.085536923187668,NA,NA,NA,NA,NA,NA,NA,NA,NA,NA,NA,NA,NA,NA,NA,NA,NA,NA,NA,NA,0.981746321566882,0.9260752191875766,0.5190830060919098,0.08026976090592405,0.981746321566882,0.9162492364986484,0.5750904534144675,0.11824575485051182,1.211700149186524,0.1670566928362328
1.4,33.11545195869231,NA,NA,NA,NA,NA,NA,NA,NA,NA,NA,NA,NA,NA,NA,NA,NA,NA,NA,NA,NA,0.981746321566882,0.9260752191875766,0.5190830060919098,0.08026976090592405,0.981746321566882,0.9162492364986484,0.5750904534144675,0.11824575485051182,1.211700149186524,0.1670566928362328
1.4,54.59815003314424,NA,NA,NA,NA,NA,NA,NA,NA,NA,NA,NA,NA,NA,NA,NA,NA,NA,NA,NA,NA,0.981746321566882,0.9260752191875766,0.5190830060919098,0.08026976090592405,0.981746321566882,0.9162492364986484,0.5750904534144675,0.11824575485051182,1.211700149186524,0.1670566928362328
1.4,90.01713130052181,NA,NA,NA,NA,NA,NA,NA,NA,NA,NA,NA,NA,NA,NA,NA,NA,NA,NA,NA,NA,0.981746321566882,0.9260752191875766,0.5190830060919098,0.08026976090592405,0.981746321566882,0.9162492364986484,0.5750904534144675,0.11824575485051182,1.211700149186524,0.1670566928362328
1.4,148.4131591025766,NA,NA,NA,NA,NA,NA,NA,NA,NA,NA,NA,NA,NA,NA,NA,NA,NA,NA,NA,NA,0.981746321566882,0.9260752191875766,0.5190830060919098,0.08026976090592405,0.981746321566882,0.9162492364986484,0.5750904534144675,0.11824575485051182,1.211700149186524,0.1670566928362328
1.5,0.006737946999085467,NA,NA,NA,NA,NA,NA,NA,NA,NA,NA,NA,NA,NA,NA,NA,NA,NA,NA,NA,NA,0.9804132594030036,0.9395260800031204,0.5294195738224011,0.06873159526382114,0.9804132594030036,0.916212171962725,0.5359744295873209,0.105545504419165,1.2615734942559187,0.17639264219247255
1.5,0.011108996538242306,NA,NA,NA,NA,NA,NA,NA,NA,NA,NA,NA,NA,NA,NA,NA,NA,NA,NA,NA,NA,0.9804132594030036,0.9395260800031204,0.5294195738224011,0.06873159526382114,0.9804132594030036,0.916212171962725,0.5359744295873209,0.105545504419165,1.2615734942559187,0.17639264219247255
1.5,0.01831563888873418,NA,NA,NA,NA,NA,NA,NA,NA,NA,NA,NA,NA,NA,NA,NA,NA,NA,NA,NA,NA,0.9804132594030036,0.9395260800031204,0.5294195738224011,0.06873159526382114,0.9804132594030036,0.916212171962725,0.5359744295873209,0.105545504419165,1.2615734942559187,0.17639264219247255
1.5,0.0301973834223185,NA,NA,NA,NA,NA,NA,NA,NA,NA,NA,NA,NA,NA,NA,NA,NA,NA,NA,NA,NA,0.9804132594030036,0.9395260800031204,0.5294195738224011,0.06873159526382114,0.9804132594030036,0.916212171962725,0.5359744295873209,0.105545504419165,1.2615734942559187,0.17639264219247255
1.5,0.04978706836786394,NA,NA,NA,NA,NA,NA,NA,NA,NA,NA,NA,NA,NA,NA,NA,NA,NA,NA,NA,NA,0.9804132594030036,0.9395260800031204,0.5294195738224011,0.06873159526382114,0.9804132594030036,0.916212171962725,0.5359744295873209,0.105545504419165,1.2615734942559187,0.17639264219247255
1.5,0.0820849986238988,NA,NA,NA,NA,NA,NA,NA,NA,NA,NA,NA,NA,NA,NA,NA,NA,NA,NA,NA,NA,0.9804132594030036,0.9395260800031204,0.5294195738224011,0.06873159526382114,0.9804132594030036,0.916212171962725,0.5359744295873209,0.105545504419165,1.2615734942559187,0.17639264219247255
1.5,0.1353352832366127,NA,NA,NA,NA,NA,NA,NA,NA,NA,NA,NA,NA,NA,NA,NA,NA,NA,NA,NA,NA,0.9804132594030036,0.9395260800031204,0.5294195738224011,0.06873159526382114,0.9804132594030036,0.916212171962725,0.5359744295873209,0.105545504419165,1.2615734942559187,0.17639264219247255
1.5,0.22313016014842985,NA,NA,NA,NA,NA,NA,NA,NA,NA,NA,NA,NA,NA,NA,NA,NA,NA,NA,NA,NA,0.9804132594030036,0.9395260800031204,0.5294195738224011,0.06873159526382114,0.9804132594030036,0.916212171962725,0.5359744295873209,0.105545504419165,1.2615734942559187,0.17639264219247255
1.5,0.36787944117144233,NA,NA,NA,NA,NA,NA,NA,NA,NA,NA,NA,NA,NA,NA,NA,NA,NA,NA,NA,NA,0.9804132594030036,0.9395260800031204,0.5294195738224011,0.06873159526382114,0.9804132594030036,0.916212171962725,0.5359744295873209,0.105545504419165,1.2615734942559187,0.17639264219247255
1.5,0.6065306597126334,NA,NA,NA,NA,NA,NA,NA,NA,NA,NA,NA,NA,NA,NA,NA,NA,NA,NA,NA,NA,0.9804132594030036,0.9395260800031204,0.5294195738224011,0.06873159526382114,0.9804132594030036,0.916212171962725,0.5359744295873209,0.105545504419165,1.2615734942559187,0.17639264219247255
1.5,1,NA,NA,NA,NA,NA,NA,NA,NA,NA,NA,NA,NA,NA,NA,NA,NA,NA,NA,NA,NA,0.9804132594030036,0.9395260800031204,0.5294195738224011,0.06873159526382114,0.9804132594030036,0.916212171962725,0.5359744295873209,0.105545504419165,1.2615734942559187,0.17639264219247255
1.5,1.6487212707001282,NA,NA,NA,NA,NA,NA,NA,NA,NA,NA,NA,NA,NA,NA,NA,NA,NA,NA,NA,NA,0.9804132594030036,0.9395260800031204,0.5294195738224011,0.06873159526382114,0.9804132594030036,0.916212171962725,0.5359744295873209,0.105545504419165,1.2615734942559187,0.17639264219247255
1.5,2.718281828459045,NA,NA,NA,NA,NA,NA,NA,NA,NA,NA,NA,NA,NA,NA,NA,NA,NA,NA,NA,NA,0.9804132594030036,0.9395260800031204,0.5294195738224011,0.06873159526382114,0.9804132594030036,0.916212171962725,0.5359744295873209,0.105545504419165,1.2615734942559187,0.17639264219247255
1.5,4.4816890703380645,NA,NA,NA,NA,NA,NA,NA,NA,NA,NA,NA,NA,NA,NA,NA,NA,NA,NA,NA,NA,0.9804132594030036,0.9395260800031204,0.5294195738224011,0.06873159526382114,0.9804132594030036,0.916212171962725,0.5359744295873209,0.105545504419165,1.2615734942559187,0.17639264219247255
1.5,7.38905609893065,NA,NA,NA,NA,NA,NA,NA,NA,NA,NA,NA,NA,NA,NA,NA,NA,NA,NA,NA,NA,0.9804132594030036,0.9395260800031204,0.5294195738224011,0.06873159526382114,0.9804132594030036,0.916212171962725,0.5359744295873209,0.105545504419165,1.2615734942559187,0.17639264219247255
1.5,12.182493960703471,NA,NA,NA,NA,NA,NA,NA,NA,NA,NA,NA,NA,NA,NA,NA,NA,NA,NA,NA,NA,0.9804132594030036,0.9395260800031204,0.5294195738224011,0.06873159526382114,0.9804132594030036,0.916212171962725,0.5359744295873209,0.105545504419165,1.2615734942559187,0.17639264219247255
1.5,20.085536923187668,NA,NA,NA,NA,NA,NA,NA,NA,NA,NA,NA,NA,NA,NA,NA,NA,NA,NA,NA,NA,0.9804132594030036,0.9395260800031204,0.5294195738224011,0.06873159526382114,0.9804132594030036,0.916212171962725,0.5359744295873209,0.105545504419165,1.2615734942559187,0.17639264219247255
1.5,33.11545195869231,NA,NA,NA,NA,NA,NA,NA,NA,NA,NA,NA,NA,NA,NA,NA,NA,NA,NA,NA,NA,0.9804132594030036,0.9395260800031204,0.5294195738224011,0.06873159526382114,0.9804132594030036,0.916212171962725,0.5359744295873209,0.105545504419165,1.2615734942559187,0.17639264219247255
1.5,54.59815003314424,NA,NA,NA,NA,NA,NA,NA,NA,NA,NA,NA,NA,NA,NA,NA,NA,NA,NA,NA,NA,0.9804132594030036,0.9395260800031204,0.5294195738224011,0.06873159526382114,0.9804132594030036,0.916212171962725,0.5359744295873209,0.105545504419165,1.2615734942559187,0.17639264219247255
1.5,90.01713130052181,NA,NA,NA,NA,NA,NA,NA,NA,NA,NA,NA,NA,NA,NA,NA,NA,NA,NA,NA,NA,0.9804132594030036,0.9395260800031204,0.5294195738224011,0.06873159526382114,0.9804132594030036,0.916212171962725,0.5359744295873209,0.105545504419165,1.2615734942559187,0.17639264219247255
1.5,148.4131591025766,NA,NA,NA,NA,NA,NA,NA,NA,NA,NA,NA,NA,NA,NA,NA,NA,NA,NA,NA,NA,0.9804132594030036,0.9395260800031204,0.5294195738224011,0.06873159526382114,0.9804132594030036,0.916212171962725,0.5359744295873209,0.105545504419165,1.2615734942559187,0.17639264219247255
1.6,0.006737946999085467,NA,NA,NA,NA,NA,NA,NA,NA,NA,NA,NA,NA,NA,NA,NA,NA,NA,NA,NA,NA,0.977139471499584,0.9402806585243668,0.4830672751794084,0.07679080891149909,0.977139471499584,0.922555739668,0.5127461693471513,0.1007208633898974,1.3107477079212244,0.1820932483147185
1.6,0.011108996538242306,NA,NA,NA,NA,NA,NA,NA,NA,NA,NA,NA,NA,NA,NA,NA,NA,NA,NA,NA,NA,0.977139471499584,0.9402806585243668,0.4830672751794084,0.07679080891149909,0.977139471499584,0.922555739668,0.5127461693471513,0.1007208633898974,1.3107477079212244,0.1820932483147185
1.6,0.01831563888873418,NA,NA,NA,NA,NA,NA,NA,NA,NA,NA,NA,NA,NA,NA,NA,NA,NA,NA,NA,NA,0.977139471499584,0.9402806585243668,0.4830672751794084,0.07679080891149909,0.977139471499584,0.922555739668,0.5127461693471513,0.1007208633898974,1.3107477079212244,0.1820932483147185
1.6,0.0301973834223185,NA,NA,NA,NA,NA,NA,NA,NA,NA,NA,NA,NA,NA,NA,NA,NA,NA,NA,NA,NA,0.977139471499584,0.9402806585243668,0.4830672751794084,0.07679080891149909,0.977139471499584,0.922555739668,0.5127461693471513,0.1007208633898974,1.3107477079212244,0.1820932483147185
1.6,0.04978706836786394,NA,NA,NA,NA,NA,NA,NA,NA,NA,NA,NA,NA,NA,NA,NA,NA,NA,NA,NA,NA,0.977139471499584,0.9402806585243668,0.4830672751794084,0.07679080891149909,0.977139471499584,0.922555739668,0.5127461693471513,0.1007208633898974,1.3107477079212244,0.1820932483147185
1.6,0.0820849986238988,NA,NA,NA,NA,NA,NA,NA,NA,NA,NA,NA,NA,NA,NA,NA,NA,NA,NA,NA,NA,0.977139471499584,0.9402806585243668,0.4830672751794084,0.07679080891149909,0.977139471499584,0.922555739668,0.5127461693471513,0.1007208633898974,1.3107477079212244,0.1820932483147185
1.6,0.1353352832366127,NA,NA,NA,NA,NA,NA,NA,NA,NA,NA,NA,NA,NA,NA,NA,NA,NA,NA,NA,NA,0.977139471499584,0.9402806585243668,0.4830672751794084,0.07679080891149909,0.977139471499584,0.922555739668,0.5127461693471513,0.1007208633898974,1.3107477079212244,0.1820932483147185
1.6,0.22313016014842985,NA,NA,NA,NA,NA,NA,NA,NA,NA,NA,NA,NA,NA,NA,NA,NA,NA,NA,NA,NA,0.977139471499584,0.9402806585243668,0.4830672751794084,0.07679080891149909,0.977139471499584,0.922555739668,0.5127461693471513,0.1007208633898974,1.3107477079212244,0.1820932483147185
1.6,0.36787944117144233,NA,NA,NA,NA,NA,NA,NA,NA,NA,NA,NA,NA,NA,NA,NA,NA,NA,NA,NA,NA,0.977139471499584,0.9402806585243668,0.4830672751794084,0.07679080891149909,0.977139471499584,0.922555739668,0.5127461693471513,0.1007208633898974,1.3107477079212244,0.1820932483147185
1.6,0.6065306597126334,NA,NA,NA,NA,NA,NA,NA,NA,NA,NA,NA,NA,NA,NA,NA,NA,NA,NA,NA,NA,0.977139471499584,0.9402806585243668,0.4830672751794084,0.07679080891149909,0.977139471499584,0.922555739668,0.5127461693471513,0.1007208633898974,1.3107477079212244,0.1820932483147185
1.6,1,NA,NA,NA,NA,NA,NA,NA,NA,NA,NA,NA,NA,NA,NA,NA,NA,NA,NA,NA,NA,0.977139471499584,0.9402806585243668,0.4830672751794084,0.07679080891149909,0.977139471499584,0.922555739668,0.5127461693471513,0.1007208633898974,1.3107477079212244,0.1820932483147185
1.6,1.6487212707001282,NA,NA,NA,NA,NA,NA,NA,NA,NA,NA,NA,NA,NA,NA,NA,NA,NA,NA,NA,NA,0.977139471499584,0.9402806585243668,0.4830672751794084,0.07679080891149909,0.977139471499584,0.922555739668,0.5127461693471513,0.1007208633898974,1.3107477079212244,0.1820932483147185
1.6,2.718281828459045,NA,NA,NA,NA,NA,NA,NA,NA,NA,NA,NA,NA,NA,NA,NA,NA,NA,NA,NA,NA,0.977139471499584,0.9402806585243668,0.4830672751794084,0.07679080891149909,0.977139471499584,0.922555739668,0.5127461693471513,0.1007208633898974,1.3107477079212244,0.1820932483147185
1.6,4.4816890703380645,NA,NA,NA,NA,NA,NA,NA,NA,NA,NA,NA,NA,NA,NA,NA,NA,NA,NA,NA,NA,0.977139471499584,0.9402806585243668,0.4830672751794084,0.07679080891149909,0.977139471499584,0.922555739668,0.5127461693471513,0.1007208633898974,1.3107477079212244,0.1820932483147185
1.6,7.38905609893065,NA,NA,NA,NA,NA,NA,NA,NA,NA,NA,NA,NA,NA,NA,NA,NA,NA,NA,NA,NA,0.977139471499584,0.9402806585243668,0.4830672751794084,0.07679080891149909,0.977139471499584,0.922555739668,0.5127461693471513,0.1007208633898974,1.3107477079212244,0.1820932483147185
1.6,12.182493960703471,NA,NA,NA,NA,NA,NA,NA,NA,NA,NA,NA,NA,NA,NA,NA,NA,NA,NA,NA,NA,0.977139471499584,0.9402806585243668,0.4830672751794084,0.07679080891149909,0.977139471499584,0.922555739668,0.5127461693471513,0.1007208633898974,1.3107477079212244,0.1820932483147185
1.6,20.085536923187668,NA,NA,NA,NA,NA,NA,NA,NA,NA,NA,NA,NA,NA,NA,NA,NA,NA,NA,NA,NA,0.977139471499584,0.9402806585243668,0.4830672751794084,0.07679080891149909,0.977139471499584,0.922555739668,0.5127461693471513,0.1007208633898974,1.3107477079212244,0.1820932483147185
1.6,33.11545195869231,NA,NA,NA,NA,NA,NA,NA,NA,NA,NA,NA,NA,NA,NA,NA,NA,NA,NA,NA,NA,0.977139471499584,0.9402806585243668,0.4830672751794084,0.07679080891149909,0.977139471499584,0.922555739668,0.5127461693471513,0.1007208633898974,1.3107477079212244,0.1820932483147185
1.6,54.59815003314424,NA,NA,NA,NA,NA,NA,NA,NA,NA,NA,NA,NA,NA,NA,NA,NA,NA,NA,NA,NA,0.977139471499584,0.9402806585243668,0.4830672751794084,0.07679080891149909,0.977139471499584,0.922555739668,0.5127461693471513,0.1007208633898974,1.3107477079212244,0.1820932483147185
1.6,90.01713130052181,NA,NA,NA,NA,NA,NA,NA,NA,NA,NA,NA,NA,NA,NA,NA,NA,NA,NA,NA,NA,0.977139471499584,0.9402806585243668,0.4830672751794084,0.07679080891149909,0.977139471499584,0.922555739668,0.5127461693471513,0.1007208633898974,1.3107477079212244,0.1820932483147185
1.6,148.4131591025766,NA,NA,NA,NA,NA,NA,NA,NA,NA,NA,NA,NA,NA,NA,NA,NA,NA,NA,NA,NA,0.977139471499584,0.9402806585243668,0.4830672751794084,0.07679080891149909,0.977139471499584,0.922555739668,0.5127461693471513,0.1007208633898974,1.3107477079212244,0.1820932483147185
1.7000000000000002,0.006737946999085467,NA,NA,NA,NA,NA,NA,NA,NA,NA,NA,NA,NA,NA,NA,NA,NA,NA,NA,NA,NA,0.9782090403649512,0.9376299186839512,0.454852395632946,0.06144750245685383,0.9717847979757592,0.9272937971415196,0.526127279231996,0.06712344591113312,1.3756988851028649,0.19816844325666733
1.7000000000000002,0.011108996538242306,NA,NA,NA,NA,NA,NA,NA,NA,NA,NA,NA,NA,NA,NA,NA,NA,NA,NA,NA,NA,0.9782090403649512,0.9376299186839512,0.454852395632946,0.06144750245685383,0.9717847979757592,0.9272937971415196,0.526127279231996,0.06712344591113312,1.3756988851028649,0.19816844325666733
1.7000000000000002,0.01831563888873418,NA,NA,NA,NA,NA,NA,NA,NA,NA,NA,NA,NA,NA,NA,NA,NA,NA,NA,NA,NA,0.9782090403649512,0.9376299186839512,0.454852395632946,0.06144750245685383,0.9717847979757592,0.9272937971415196,0.526127279231996,0.06712344591113312,1.3756988851028649,0.19816844325666733
1.7000000000000002,0.0301973834223185,NA,NA,NA,NA,NA,NA,NA,NA,NA,NA,NA,NA,NA,NA,NA,NA,NA,NA,NA,NA,0.9782090403649512,0.9376299186839512,0.454852395632946,0.06144750245685383,0.9717847979757592,0.9272937971415196,0.526127279231996,0.06712344591113312,1.3756988851028649,0.19816844325666733
1.7000000000000002,0.04978706836786394,NA,NA,NA,NA,NA,NA,NA,NA,NA,NA,NA,NA,NA,NA,NA,NA,NA,NA,NA,NA,0.9782090403649512,0.9376299186839512,0.454852395632946,0.06144750245685383,0.9717847979757592,0.9272937971415196,0.526127279231996,0.06712344591113312,1.3756988851028649,0.19816844325666733
1.7000000000000002,0.0820849986238988,NA,NA,NA,NA,NA,NA,NA,NA,NA,NA,NA,NA,NA,NA,NA,NA,NA,NA,NA,NA,0.9782090403649512,0.9376299186839512,0.454852395632946,0.06144750245685383,0.9717847979757592,0.9272937971415196,0.526127279231996,0.06712344591113312,1.3756988851028649,0.19816844325666733
1.7000000000000002,0.1353352832366127,NA,NA,NA,NA,NA,NA,NA,NA,NA,NA,NA,NA,NA,NA,NA,NA,NA,NA,NA,NA,0.9782090403649512,0.9376299186839512,0.454852395632946,0.06144750245685383,0.9717847979757592,0.9272937971415196,0.526127279231996,0.06712344591113312,1.3756988851028649,0.19816844325666733
1.7000000000000002,0.22313016014842985,NA,NA,NA,NA,NA,NA,NA,NA,NA,NA,NA,NA,NA,NA,NA,NA,NA,NA,NA,NA,0.9782090403649512,0.9376299186839512,0.454852395632946,0.06144750245685383,0.9717847979757592,0.9272937971415196,0.526127279231996,0.06712344591113312,1.3756988851028649,0.19816844325666733
1.7000000000000002,0.36787944117144233,NA,NA,NA,NA,NA,NA,NA,NA,NA,NA,NA,NA,NA,NA,NA,NA,NA,NA,NA,NA,0.9782090403649512,0.9376299186839512,0.454852395632946,0.06144750245685383,0.9717847979757592,0.9272937971415196,0.526127279231996,0.06712344591113312,1.3756988851028649,0.19816844325666733
1.7000000000000002,0.6065306597126334,NA,NA,NA,NA,NA,NA,NA,NA,NA,NA,NA,NA,NA,NA,NA,NA,NA,NA,NA,NA,0.9782090403649512,0.9376299186839512,0.454852395632946,0.06144750245685383,0.9717847979757592,0.9272937971415196,0.526127279231996,0.06712344591113312,1.3756988851028649,0.19816844325666733
1.7000000000000002,1,NA,NA,NA,NA,NA,NA,NA,NA,NA,NA,NA,NA,NA,NA,NA,NA,NA,NA,NA,NA,0.9782090403649512,0.9376299186839512,0.454852395632946,0.06144750245685383,0.9717847979757592,0.9272937971415196,0.526127279231996,0.06712344591113312,1.3756988851028649,0.19816844325666733
1.7000000000000002,1.6487212707001282,NA,NA,NA,NA,NA,NA,NA,NA,NA,NA,NA,NA,NA,NA,NA,NA,NA,NA,NA,NA,0.9782090403649512,0.9376299186839512,0.454852395632946,0.06144750245685383,0.9717847979757592,0.9272937971415196,0.526127279231996,0.06712344591113312,1.3756988851028649,0.19816844325666733
1.7000000000000002,2.718281828459045,NA,NA,NA,NA,NA,NA,NA,NA,NA,NA,NA,NA,NA,NA,NA,NA,NA,NA,NA,NA,0.9782090403649512,0.9376299186839512,0.454852395632946,0.06144750245685383,0.9717847979757592,0.9272937971415196,0.526127279231996,0.06712344591113312,1.3756988851028649,0.19816844325666733
1.7000000000000002,4.4816890703380645,NA,NA,NA,NA,NA,NA,NA,NA,NA,NA,NA,NA,NA,NA,NA,NA,NA,NA,NA,NA,0.9782090403649512,0.9376299186839512,0.454852395632946,0.06144750245685383,0.9717847979757592,0.9272937971415196,0.526127279231996,0.06712344591113312,1.3756988851028649,0.19816844325666733
1.7000000000000002,7.38905609893065,NA,NA,NA,NA,NA,NA,NA,NA,NA,NA,NA,NA,NA,NA,NA,NA,NA,NA,NA,NA,0.9782090403649512,0.9376299186839512,0.454852395632946,0.06144750245685383,0.9717847979757592,0.9272937971415196,0.526127279231996,0.06712344591113312,1.3756988851028649,0.19816844325666733
1.7000000000000002,12.182493960703471,NA,NA,NA,NA,NA,NA,NA,NA,NA,NA,NA,NA,NA,NA,NA,NA,NA,NA,NA,NA,0.9782090403649512,0.9376299186839512,0.454852395632946,0.06144750245685383,0.9717847979757592,0.9272937971415196,0.526127279231996,0.06712344591113312,1.3756988851028649,0.19816844325666733
1.7000000000000002,20.085536923187668,NA,NA,NA,NA,NA,NA,NA,NA,NA,NA,NA,NA,NA,NA,NA,NA,NA,NA,NA,NA,0.9782090403649512,0.9376299186839512,0.454852395632946,0.06144750245685383,0.9717847979757592,0.9272937971415196,0.526127279231996,0.06712344591113312,1.3756988851028649,0.19816844325666733
1.7000000000000002,33.11545195869231,NA,NA,NA,NA,NA,NA,NA,NA,NA,NA,NA,NA,NA,NA,NA,NA,NA,NA,NA,NA,0.9782090403649512,0.9376299186839512,0.454852395632946,0.06144750245685383,0.9717847979757592,0.9272937971415196,0.526127279231996,0.06712344591113312,1.3756988851028649,0.19816844325666733
1.7000000000000002,54.59815003314424,NA,NA,NA,NA,NA,NA,NA,NA,NA,NA,NA,NA,NA,NA,NA,NA,NA,NA,NA,NA,0.9782090403649512,0.9376299186839512,0.454852395632946,0.06144750245685383,0.9717847979757592,0.9272937971415196,0.526127279231996,0.06712344591113312,1.3756988851028649,0.19816844325666733
1.7000000000000002,90.01713130052181,NA,NA,NA,NA,NA,NA,NA,NA,NA,NA,NA,NA,NA,NA,NA,NA,NA,NA,NA,NA,0.9782090403649512,0.9376299186839512,0.454852395632946,0.06144750245685383,0.9717847979757592,0.9272937971415196,0.526127279231996,0.06712344591113312,1.3756988851028649,0.19816844325666733
1.7000000000000002,148.4131591025766,NA,NA,NA,NA,NA,NA,NA,NA,NA,NA,NA,NA,NA,NA,NA,NA,NA,NA,NA,NA,0.9782090403649512,0.9376299186839512,0.454852395632946,0.06144750245685383,0.9717847979757592,0.9272937971415196,0.526127279231996,0.06712344591113312,1.3756988851028649,0.19816844325666733
1.8,0.006737946999085467,NA,NA,NA,NA,NA,NA,NA,NA,NA,NA,NA,NA,NA,NA,NA,NA,NA,NA,NA,NA,0.9800269335001836,0.9355513016696726,0.4513416689647557,0.054482660005576486,0.9727769554449246,0.92681572386915,0.4884861239292908,0.05476589083300519,1.413126806934443,0.187130114926232
1.8,0.011108996538242306,NA,NA,NA,NA,NA,NA,NA,NA,NA,NA,NA,NA,NA,NA,NA,NA,NA,NA,NA,NA,0.9800269335001836,0.9355513016696726,0.4513416689647557,0.054482660005576486,0.9727769554449246,0.92681572386915,0.4884861239292908,0.05476589083300519,1.413126806934443,0.187130114926232
1.8,0.01831563888873418,NA,NA,NA,NA,NA,NA,NA,NA,NA,NA,NA,NA,NA,NA,NA,NA,NA,NA,NA,NA,0.9800269335001836,0.9355513016696726,0.4513416689647557,0.054482660005576486,0.9727769554449246,0.92681572386915,0.4884861239292908,0.05476589083300519,1.413126806934443,0.187130114926232
1.8,0.0301973834223185,NA,NA,NA,NA,NA,NA,NA,NA,NA,NA,NA,NA,NA,NA,NA,NA,NA,NA,NA,NA,0.9800269335001836,0.9355513016696726,0.4513416689647557,0.054482660005576486,0.9727769554449246,0.92681572386915,0.4884861239292908,0.05476589083300519,1.413126806934443,0.187130114926232
1.8,0.04978706836786394,NA,NA,NA,NA,NA,NA,NA,NA,NA,NA,NA,NA,NA,NA,NA,NA,NA,NA,NA,NA,0.9800269335001836,0.9355513016696726,0.4513416689647557,0.054482660005576486,0.9727769554449246,0.92681572386915,0.4884861239292908,0.05476589083300519,1.413126806934443,0.187130114926232
1.8,0.0820849986238988,NA,NA,NA,NA,NA,NA,NA,NA,NA,NA,NA,NA,NA,NA,NA,NA,NA,NA,NA,NA,0.9800269335001836,0.9355513016696726,0.4513416689647557,0.054482660005576486,0.9727769554449246,0.92681572386915,0.4884861239292908,0.05476589083300519,1.413126806934443,0.187130114926232
1.8,0.1353352832366127,NA,NA,NA,NA,NA,NA,NA,NA,NA,NA,NA,NA,NA,NA,NA,NA,NA,NA,NA,NA,0.9800269335001836,0.9355513016696726,0.4513416689647557,0.054482660005576486,0.9727769554449246,0.92681572386915,0.4884861239292908,0.05476589083300519,1.413126806934443,0.187130114926232
1.8,0.22313016014842985,NA,NA,NA,NA,NA,NA,NA,NA,NA,NA,NA,NA,NA,NA,NA,NA,NA,NA,NA,NA,0.9800269335001836,0.9355513016696726,0.4513416689647557,0.054482660005576486,0.9727769554449246,0.92681572386915,0.4884861239292908,0.05476589083300519,1.413126806934443,0.187130114926232
1.8,0.36787944117144233,NA,NA,NA,NA,NA,NA,NA,NA,NA,NA,NA,NA,NA,NA,NA,NA,NA,NA,NA,NA,0.9800269335001836,0.9355513016696726,0.4513416689647557,0.054482660005576486,0.9727769554449246,0.92681572386915,0.4884861239292908,0.05476589083300519,1.413126806934443,0.187130114926232
1.8,0.6065306597126334,NA,NA,NA,NA,NA,NA,NA,NA,NA,NA,NA,NA,NA,NA,NA,NA,NA,NA,NA,NA,0.9800269335001836,0.9355513016696726,0.4513416689647557,0.054482660005576486,0.9727769554449246,0.92681572386915,0.4884861239292908,0.05476589083300519,1.413126806934443,0.187130114926232
1.8,1,NA,NA,NA,NA,NA,NA,NA,NA,NA,NA,NA,NA,NA,NA,NA,NA,NA,NA,NA,NA,0.9800269335001836,0.9355513016696726,0.4513416689647557,0.054482660005576486,0.9727769554449246,0.92681572386915,0.4884861239292908,0.05476589083300519,1.413126806934443,0.187130114926232
1.8,1.6487212707001282,NA,NA,NA,NA,NA,NA,NA,NA,NA,NA,NA,NA,NA,NA,NA,NA,NA,NA,NA,NA,0.9800269335001836,0.9355513016696726,0.4513416689647557,0.054482660005576486,0.9727769554449246,0.92681572386915,0.4884861239292908,0.05476589083300519,1.413126806934443,0.187130114926232
1.8,2.718281828459045,NA,NA,NA,NA,NA,NA,NA,NA,NA,NA,NA,NA,NA,NA,NA,NA,NA,NA,NA,NA,0.9800269335001836,0.9355513016696726,0.4513416689647557,0.054482660005576486,0.9727769554449246,0.92681572386915,0.4884861239292908,0.05476589083300519,1.413126806934443,0.187130114926232
1.8,4.4816890703380645,NA,NA,NA,NA,NA,NA,NA,NA,NA,NA,NA,NA,NA,NA,NA,NA,NA,NA,NA,NA,0.9800269335001836,0.9355513016696726,0.4513416689647557,0.054482660005576486,0.9727769554449246,0.92681572386915,0.4884861239292908,0.05476589083300519,1.413126806934443,0.187130114926232
1.8,7.38905609893065,NA,NA,NA,NA,NA,NA,NA,NA,NA,NA,NA,NA,NA,NA,NA,NA,NA,NA,NA,NA,0.9800269335001836,0.9355513016696726,0.4513416689647557,0.054482660005576486,0.9727769554449246,0.92681572386915,0.4884861239292908,0.05476589083300519,1.413126806934443,0.187130114926232
1.8,12.182493960703471,NA,NA,NA,NA,NA,NA,NA,NA,NA,NA,NA,NA,NA,NA,NA,NA,NA,NA,NA,NA,0.9800269335001836,0.9355513016696726,0.4513416689647557,0.054482660005576486,0.9727769554449246,0.92681572386915,0.4884861239292908,0.05476589083300519,1.413126806934443,0.187130114926232
1.8,20.085536923187668,NA,NA,NA,NA,NA,NA,NA,NA,NA,NA,NA,NA,NA,NA,NA,NA,NA,NA,NA,NA,0.9800269335001836,0.9355513016696726,0.4513416689647557,0.054482660005576486,0.9727769554449246,0.92681572386915,0.4884861239292908,0.05476589083300519,1.413126806934443,0.187130114926232
1.8,33.11545195869231,NA,NA,NA,NA,NA,NA,NA,NA,NA,NA,NA,NA,NA,NA,NA,NA,NA,NA,NA,NA,0.9800269335001836,0.9355513016696726,0.4513416689647557,0.054482660005576486,0.9727769554449246,0.92681572386915,0.4884861239292908,0.05476589083300519,1.413126806934443,0.187130114926232
1.8,54.59815003314424,NA,NA,NA,NA,NA,NA,NA,NA,NA,NA,NA,NA,NA,NA,NA,NA,NA,NA,NA,NA,0.9800269335001836,0.9355513016696726,0.4513416689647557,0.054482660005576486,0.9727769554449246,0.92681572386915,0.4884861239292908,0.05476589083300519,1.413126806934443,0.187130114926232
1.8,90.01713130052181,NA,NA,NA,NA,NA,NA,NA,NA,NA,NA,NA,NA,NA,NA,NA,NA,NA,NA,NA,NA,0.9800269335001836,0.9355513016696726,0.4513416689647557,0.054482660005576486,0.9727769554449246,0.92681572386915,0.4884861239292908,0.05476589083300519,1.413126806934443,0.187130114926232
1.8,148.4131591025766,NA,NA,NA,NA,NA,NA,NA,NA,NA,NA,NA,NA,NA,NA,NA,NA,NA,NA,NA,NA,0.9800269335001836,0.9355513016696726,0.4513416689647557,0.054482660005576486,0.9727769554449246,0.92681572386915,0.4884861239292908,0.05476589083300519,1.413126806934443,0.187130114926232
1.9,0.006737946999085467,NA,NA,NA,NA,NA,NA,NA,NA,NA,NA,NA,NA,NA,NA,NA,NA,NA,NA,NA,NA,0.9808379715955016,0.9328565922045472,0.47797143088044014,0.04771244354815357,0.9735038401231632,0.9151529483097228,0.4949307373994088,0.04785149616786145,1.465494581198005,0.18400292757640083
1.9,0.011108996538242306,NA,NA,NA,NA,NA,NA,NA,NA,NA,NA,NA,NA,NA,NA,NA,NA,NA,NA,NA,NA,0.9808379715955016,0.9328565922045472,0.47797143088044014,0.04771244354815357,0.9735038401231632,0.9151529483097228,0.4949307373994088,0.04785149616786145,1.465494581198005,0.18400292757640083
1.9,0.01831563888873418,NA,NA,NA,NA,NA,NA,NA,NA,NA,NA,NA,NA,NA,NA,NA,NA,NA,NA,NA,NA,0.9808379715955016,0.9328565922045472,0.47797143088044014,0.04771244354815357,0.9735038401231632,0.9151529483097228,0.4949307373994088,0.04785149616786145,1.465494581198005,0.18400292757640083
1.9,0.0301973834223185,NA,NA,NA,NA,NA,NA,NA,NA,NA,NA,NA,NA,NA,NA,NA,NA,NA,NA,NA,NA,0.9808379715955016,0.9328565922045472,0.47797143088044014,0.04771244354815357,0.9735038401231632,0.9151529483097228,0.4949307373994088,0.04785149616786145,1.465494581198005,0.18400292757640083
1.9,0.04978706836786394,NA,NA,NA,NA,NA,NA,NA,NA,NA,NA,NA,NA,NA,NA,NA,NA,NA,NA,NA,NA,0.9808379715955016,0.9328565922045472,0.47797143088044014,0.04771244354815357,0.9735038401231632,0.9151529483097228,0.4949307373994088,0.04785149616786145,1.465494581198005,0.18400292757640083
1.9,0.0820849986238988,NA,NA,NA,NA,NA,NA,NA,NA,NA,NA,NA,NA,NA,NA,NA,NA,NA,NA,NA,NA,0.9808379715955016,0.9328565922045472,0.47797143088044014,0.04771244354815357,0.9735038401231632,0.9151529483097228,0.4949307373994088,0.04785149616786145,1.465494581198005,0.18400292757640083
1.9,0.1353352832366127,NA,NA,NA,NA,NA,NA,NA,NA,NA,NA,NA,NA,NA,NA,NA,NA,NA,NA,NA,NA,0.9808379715955016,0.9328565922045472,0.47797143088044014,0.04771244354815357,0.9735038401231632,0.9151529483097228,0.4949307373994088,0.04785149616786145,1.465494581198005,0.18400292757640083
1.9,0.22313016014842985,NA,NA,NA,NA,NA,NA,NA,NA,NA,NA,NA,NA,NA,NA,NA,NA,NA,NA,NA,NA,0.9808379715955016,0.9328565922045472,0.47797143088044014,0.04771244354815357,0.9735038401231632,0.9151529483097228,0.4949307373994088,0.04785149616786145,1.465494581198005,0.18400292757640083
1.9,0.36787944117144233,NA,NA,NA,NA,NA,NA,NA,NA,NA,NA,NA,NA,NA,NA,NA,NA,NA,NA,NA,NA,0.9808379715955016,0.9328565922045472,0.47797143088044014,0.04771244354815357,0.9735038401231632,0.9151529483097228,0.4949307373994088,0.04785149616786145,1.465494581198005,0.18400292757640083
1.9,0.6065306597126334,NA,NA,NA,NA,NA,NA,NA,NA,NA,NA,NA,NA,NA,NA,NA,NA,NA,NA,NA,NA,0.9808379715955016,0.9328565922045472,0.47797143088044014,0.04771244354815357,0.9735038401231632,0.9151529483097228,0.4949307373994088,0.04785149616786145,1.465494581198005,0.18400292757640083
1.9,1,NA,NA,NA,NA,NA,NA,NA,NA,NA,NA,NA,NA,NA,NA,NA,NA,NA,NA,NA,NA,0.9808379715955016,0.9328565922045472,0.47797143088044014,0.04771244354815357,0.9735038401231632,0.9151529483097228,0.4949307373994088,0.04785149616786145,1.465494581198005,0.18400292757640083
1.9,1.6487212707001282,NA,NA,NA,NA,NA,NA,NA,NA,NA,NA,NA,NA,NA,NA,NA,NA,NA,NA,NA,NA,0.9808379715955016,0.9328565922045472,0.47797143088044014,0.04771244354815357,0.9735038401231632,0.9151529483097228,0.4949307373994088,0.04785149616786145,1.465494581198005,0.18400292757640083
1.9,2.718281828459045,NA,NA,NA,NA,NA,NA,NA,NA,NA,NA,NA,NA,NA,NA,NA,NA,NA,NA,NA,NA,0.9808379715955016,0.9328565922045472,0.47797143088044014,0.04771244354815357,0.9735038401231632,0.9151529483097228,0.4949307373994088,0.04785149616786145,1.465494581198005,0.18400292757640083
1.9,4.4816890703380645,NA,NA,NA,NA,NA,NA,NA,NA,NA,NA,NA,NA,NA,NA,NA,NA,NA,NA,NA,NA,0.9808379715955016,0.9328565922045472,0.47797143088044014,0.04771244354815357,0.9735038401231632,0.9151529483097228,0.4949307373994088,0.04785149616786145,1.465494581198005,0.18400292757640083
1.9,7.38905609893065,NA,NA,NA,NA,NA,NA,NA,NA,NA,NA,NA,NA,NA,NA,NA,NA,NA,NA,NA,NA,0.9808379715955016,0.9328565922045472,0.47797143088044014,0.04771244354815357,0.9735038401231632,0.9151529483097228,0.4949307373994088,0.04785149616786145,1.465494581198005,0.18400292757640083
1.9,12.182493960703471,NA,NA,NA,NA,NA,NA,NA,NA,NA,NA,NA,NA,NA,NA,NA,NA,NA,NA,NA,NA,0.9808379715955016,0.9328565922045472,0.47797143088044014,0.04771244354815357,0.9735038401231632,0.9151529483097228,0.4949307373994088,0.04785149616786145,1.465494581198005,0.18400292757640083
1.9,20.085536923187668,NA,NA,NA,NA,NA,NA,NA,NA,NA,NA,NA,NA,NA,NA,NA,NA,NA,NA,NA,NA,0.9808379715955016,0.9328565922045472,0.47797143088044014,0.04771244354815357,0.9735038401231632,0.9151529483097228,0.4949307373994088,0.04785149616786145,1.465494581198005,0.18400292757640083
1.9,33.11545195869231,NA,NA,NA,NA,NA,NA,NA,NA,NA,NA,NA,NA,NA,NA,NA,NA,NA,NA,NA,NA,0.9808379715955016,0.9328565922045472,0.47797143088044014,0.04771244354815357,0.9735038401231632,0.9151529483097228,0.4949307373994088,0.04785149616786145,1.465494581198005,0.18400292757640083
1.9,54.59815003314424,NA,NA,NA,NA,NA,NA,NA,NA,NA,NA,NA,NA,NA,NA,NA,NA,NA,NA,NA,NA,0.9808379715955016,0.9328565922045472,0.47797143088044014,0.04771244354815357,0.9735038401231632,0.9151529483097228,0.4949307373994088,0.04785149616786145,1.465494581198005,0.18400292757640083
1.9,90.01713130052181,NA,NA,NA,NA,NA,NA,NA,NA,NA,NA,NA,NA,NA,NA,NA,NA,NA,NA,NA,NA,0.9808379715955016,0.9328565922045472,0.47797143088044014,0.04771244354815357,0.9735038401231632,0.9151529483097228,0.4949307373994088,0.04785149616786145,1.465494581198005,0.18400292757640083
1.9,148.4131591025766,NA,NA,NA,NA,NA,NA,NA,NA,NA,NA,NA,NA,NA,NA,NA,NA,NA,NA,NA,NA,0.9808379715955016,0.9328565922045472,0.47797143088044014,0.04771244354815357,0.9735038401231632,0.9151529483097228,0.4949307373994088,0.04785149616786145,1.465494581198005,0.18400292757640083
2,0.006737946999085467,NA,NA,NA,NA,NA,NA,NA,NA,NA,NA,NA,NA,NA,NA,NA,NA,NA,NA,NA,NA,0.9783184789127004,0.922030431934142,0.4156807485389377,0.060567518084753046,0.9719794560475896,0.917772982370236,0.4737746992006373,0.0871747757692324,1.5531793427055467,0.198636998277906
2,0.011108996538242306,NA,NA,NA,NA,NA,NA,NA,NA,NA,NA,NA,NA,NA,NA,NA,NA,NA,NA,NA,NA,0.9783184789127004,0.922030431934142,0.4156807485389377,0.060567518084753046,0.9719794560475896,0.917772982370236,0.4737746992006373,0.0871747757692324,1.5531793427055467,0.198636998277906
2,0.01831563888873418,NA,NA,NA,NA,NA,NA,NA,NA,NA,NA,NA,NA,NA,NA,NA,NA,NA,NA,NA,NA,0.9783184789127004,0.922030431934142,0.4156807485389377,0.060567518084753046,0.9719794560475896,0.917772982370236,0.4737746992006373,0.0871747757692324,1.5531793427055467,0.198636998277906
2,0.0301973834223185,NA,NA,NA,NA,NA,NA,NA,NA,NA,NA,NA,NA,NA,NA,NA,NA,NA,NA,NA,NA,0.9783184789127004,0.922030431934142,0.4156807485389377,0.060567518084753046,0.9719794560475896,0.917772982370236,0.4737746992006373,0.0871747757692324,1.5531793427055467,0.198636998277906
2,0.04978706836786394,NA,NA,NA,NA,NA,NA,NA,NA,NA,NA,NA,NA,NA,NA,NA,NA,NA,NA,NA,NA,0.9783184789127004,0.922030431934142,0.4156807485389377,0.060567518084753046,0.9719794560475896,0.917772982370236,0.4737746992006373,0.0871747757692324,1.5531793427055467,0.198636998277906
2,0.0820849986238988,NA,NA,NA,NA,NA,NA,NA,NA,NA,NA,NA,NA,NA,NA,NA,NA,NA,NA,NA,NA,0.9783184789127004,0.922030431934142,0.4156807485389377,0.060567518084753046,0.9719794560475896,0.917772982370236,0.4737746992006373,0.0871747757692324,1.5531793427055467,0.198636998277906
2,0.1353352832366127,NA,NA,NA,NA,NA,NA,NA,NA,NA,NA,NA,NA,NA,NA,NA,NA,NA,NA,NA,NA,0.9783184789127004,0.922030431934142,0.4156807485389377,0.060567518084753046,0.9719794560475896,0.917772982370236,0.4737746992006373,0.0871747757692324,1.5531793427055467,0.198636998277906
2,0.22313016014842985,NA,NA,NA,NA,NA,NA,NA,NA,NA,NA,NA,NA,NA,NA,NA,NA,NA,NA,NA,NA,0.9783184789127004,0.922030431934142,0.4156807485389377,0.060567518084753046,0.9719794560475896,0.917772982370236,0.4737746992006373,0.0871747757692324,1.5531793427055467,0.198636998277906
2,0.36787944117144233,NA,NA,NA,NA,NA,NA,NA,NA,NA,NA,NA,NA,NA,NA,NA,NA,NA,NA,NA,NA,0.9783184789127004,0.922030431934142,0.4156807485389377,0.060567518084753046,0.9719794560475896,0.917772982370236,0.4737746992006373,0.0871747757692324,1.5531793427055467,0.198636998277906
2,0.6065306597126334,NA,NA,NA,NA,NA,NA,NA,NA,NA,NA,NA,NA,NA,NA,NA,NA,NA,NA,NA,NA,0.9783184789127004,0.922030431934142,0.4156807485389377,0.060567518084753046,0.9719794560475896,0.917772982370236,0.4737746992006373,0.0871747757692324,1.5531793427055467,0.198636998277906
2,1,NA,NA,NA,NA,NA,NA,NA,NA,NA,NA,NA,NA,NA,NA,NA,NA,NA,NA,NA,NA,0.9783184789127004,0.922030431934142,0.4156807485389377,0.060567518084753046,0.9719794560475896,0.917772982370236,0.4737746992006373,0.0871747757692324,1.5531793427055467,0.198636998277906
2,1.6487212707001282,NA,NA,NA,NA,NA,NA,NA,NA,NA,NA,NA,NA,NA,NA,NA,NA,NA,NA,NA,NA,0.9783184789127004,0.922030431934142,0.4156807485389377,0.060567518084753046,0.9719794560475896,0.917772982370236,0.4737746992006373,0.0871747757692324,1.5531793427055467,0.198636998277906
2,2.718281828459045,NA,NA,NA,NA,NA,NA,NA,NA,NA,NA,NA,NA,NA,NA,NA,NA,NA,NA,NA,NA,0.9783184789127004,0.922030431934142,0.4156807485389377,0.060567518084753046,0.9719794560475896,0.917772982370236,0.4737746992006373,0.0871747757692324,1.5531793427055467,0.198636998277906
2,4.4816890703380645,NA,NA,NA,NA,NA,NA,NA,NA,NA,NA,NA,NA,NA,NA,NA,NA,NA,NA,NA,NA,0.9783184789127004,0.922030431934142,0.4156807485389377,0.060567518084753046,0.9719794560475896,0.917772982370236,0.4737746992006373,0.0871747757692324,1.5531793427055467,0.198636998277906
2,7.38905609893065,NA,NA,NA,NA,NA,NA,NA,NA,NA,NA,NA,NA,NA,NA,NA,NA,NA,NA,NA,NA,0.9783184789127004,0.922030431934142,0.4156807485389377,0.060567518084753046,0.9719794560475896,0.917772982370236,0.4737746992006373,0.0871747757692324,1.5531793427055467,0.198636998277906
2,12.182493960703471,NA,NA,NA,NA,NA,NA,NA,NA,NA,NA,NA,NA,NA,NA,NA,NA,NA,NA,NA,NA,0.9783184789127004,0.922030431934142,0.4156807485389377,0.060567518084753046,0.9719794560475896,0.917772982370236,0.4737746992006373,0.0871747757692324,1.5531793427055467,0.198636998277906
2,20.085536923187668,NA,NA,NA,NA,NA,NA,NA,NA,NA,NA,NA,NA,NA,NA,NA,NA,NA,NA,NA,NA,0.9783184789127004,0.922030431934142,0.4156807485389377,0.060567518084753046,0.9719794560475896,0.917772982370236,0.4737746992006373,0.0871747757692324,1.5531793427055467,0.198636998277906
2,33.11545195869231,NA,NA,NA,NA,NA,NA,NA,NA,NA,NA,NA,NA,NA,NA,NA,NA,NA,NA,NA,NA,0.9783184789127004,0.922030431934142,0.4156807485389377,0.060567518084753046,0.9719794560475896,0.917772982370236,0.4737746992006373,0.0871747757692324,1.5531793427055467,0.198636998277906
2,54.59815003314424,NA,NA,NA,NA,NA,NA,NA,NA,NA,NA,NA,NA,NA,NA,NA,NA,NA,NA,NA,NA,0.9783184789127004,0.922030431934142,0.4156807485389377,0.060567518084753046,0.9719794560475896,0.917772982370236,0.4737746992006373,0.0871747757692324,1.5531793427055467,0.198636998277906
2,90.01713130052181,NA,NA,NA,NA,NA,NA,NA,NA,NA,NA,NA,NA,NA,NA,NA,NA,NA,NA,NA,NA,0.9783184789127004,0.922030431934142,0.4156807485389377,0.060567518084753046,0.9719794560475896,0.917772982370236,0.4737746992006373,0.0871747757692324,1.5531793427055467,0.198636998277906
2,148.4131591025766,NA,NA,NA,NA,NA,NA,NA,NA,NA,NA,NA,NA,NA,NA,NA,NA,NA,NA,NA,NA,0.9783184789127004,0.922030431934142,0.4156807485389377,0.060567518084753046,0.9719794560475896,0.917772982370236,0.4737746992006373,0.0871747757692324,1.5531793427055467,0.198636998277906
